a,b,byte_differences,identical
Pocket Monsters - Aka (Japan) (Rev A) (SGB Enhanced).gb,Pocket Monsters - Aka (Japan) (SGB Enhanced).gb,46167,false
Pocket Monsters - Aka (Japan) (Rev A) (SGB Enhanced).gb,Pokemon - Edicion Roja (Spain) (SGB Enhanced).gb,966640,false
Pocket Monsters - Aka (Japan) (Rev A) (SGB Enhanced).gb,Pokemon - Red Version (USA, Europe) (SGB Enhanced) - 복사본.gb,966744,false
Pocket Monsters - Aka (Japan) (Rev A) (SGB Enhanced).gb,Pokemon - Red Version (USA, Europe) (SGB Enhanced).gb,966744,false
Pocket Monsters - Aka (Japan) (Rev A) (SGB Enhanced).gb,Pokemon - Rote Edition (Germany) (SGB Enhanced).gb,966691,false
Pocket Monsters - Aka (Japan) (Rev A) (SGB Enhanced).gb,Pokemon - Version Rouge (France) (SGB Enhanced).gb,966852,false
Pocket Monsters - Aka (Japan) (Rev A) (SGB Enhanced).gb,Pokemon - Versione Rossa (Italy) (SGB Enhanced).gb,966726,false
Pocket Monsters - Aka (Japan) (SGB Enhanced).gb,Pokemon - Edicion Roja (Spain) (SGB Enhanced).gb,966509,false
Pocket Monsters - Aka (Japan) (SGB Enhanced).gb,Pokemon - Red Version (USA, Europe) (SGB Enhanced) - 복사본.gb,966705,false
Pocket Monsters - Aka (Japan) (SGB Enhanced).gb,Pokemon - Red Version (USA, Europe) (SGB Enhanced).gb,966705,false
Pocket Monsters - Aka (Japan) (SGB Enhanced).gb,Pokemon - Rote Edition (Germany) (SGB Enhanced).gb,966654,false
Pocket Monsters - Aka (Japan) (SGB Enhanced).gb,Pokemon - Version Rouge (France) (SGB Enhanced).gb,966729,false
Pocket Monsters - Aka (Japan) (SGB Enhanced).gb,Pokemon - Versione Rossa (Italy) (SGB Enhanced).gb,966715,false
Pokemon - Edicion Roja (Spain) (SGB Enhanced).gb,Pokemon - Red Version (USA, Europe) (SGB Enhanced) - 복사본.gb,278533,false
Pokemon - Edicion Roja (Spain) (SGB Enhanced).gb,Pokemon - Red Version (USA, Europe) (SGB Enhanced).gb,278533,false
Pokemon - Edicion Roja (Spain) (SGB Enhanced).gb,Pokemon - Rote Edition (Germany) (SGB Enhanced).gb,280097,false
Pokemon - Edicion Roja (Spain) (SGB Enhanced).gb,Pokemon - Version Rouge (France) (SGB Enhanced).gb,274126,false
Pokemon - Edicion Roja (Spain) (SGB Enhanced).gb,Pokemon - Versione Rossa (Italy) (SGB Enhanced).gb,263356,false
Pokemon - Red Version (USA, Europe) (SGB Enhanced) - 복사본.gb,Pokemon - Red Version (USA, Europe) (SGB Enhanced).gb,0,true
Pokemon - Red Version (USA, Europe) (SGB Enhanced) - 복사본.gb,Pokemon - Rote Edition (Germany) (SGB Enhanced).gb,269925,false
Pokemon - Red Version (USA, Europe) (SGB Enhanced) - 복사본.gb,Pokemon - Version Rouge (France) (SGB Enhanced).gb,267165,false
Pokemon - Red Version (USA, Europe) (SGB Enhanced) - 복사본.gb,Pokemon - Versione Rossa (Italy) (SGB Enhanced).gb,258417,false
Pokemon - Red Version (USA, Europe) (SGB Enhanced).gb,Pokemon - Rote Edition (Germany) (SGB Enhanced).gb,269925,false
Pokemon - Red Version (USA, Europe) (SGB Enhanced).gb,Pokemon - Version Rouge (France) (SGB Enhanced).gb,267165,false
Pokemon - Red Version (USA, Europe) (SGB Enhanced).gb,Pokemon - Versione Rossa (Italy) (SGB Enhanced).gb,258417,false
Pokemon - Rote Edition (Germany) (SGB Enhanced).gb,Pokemon - Version Rouge (France) (SGB Enhanced).gb,276381,false
Pokemon - Rote Edition (Germany) (SGB Enhanced).gb,Pokemon - Versione Rossa (Italy) (SGB Enhanced).gb,268149,false
Pokemon - Version Rouge (France) (SGB Enhanced).gb,Pokemon - Versione Rossa (Italy) (SGB Enhanced).gb,257456,false
