file,bank,offset_start,offset_end,sha1,entropy,zero_bytes,ff_bytes,all_zero,all_ff,unique_byte_values
Pokemon - Blaue Edition (Germany) (SGB Enhanced).gb,0,0,16383,bf5661ca44cdee2e1827016ef556aa36e17108cc,7.118842,537,159,False,False,256
Pokemon - Blaue Edition (Germany) (SGB Enhanced).gb,1,16384,32767,18e2ff1ec7781f862bb0992bdc2a9dc791bb03fd,7.014147,1496,84,False,False,256
Pokemon - Blaue Edition (Germany) (SGB Enhanced).gb,2,32768,49151,798122e37bba533e8814747f105ad37117986a06,6.978258,396,255,False,False,254
Pokemon - Blaue Edition (Germany) (SGB Enhanced).gb,3,49152,65535,ccee9b6b5b6ec513ff27eb6bc45f5b22dc010025,7.135723,1301,264,False,False,256
Pokemon - Blaue Edition (Germany) (SGB Enhanced).gb,4,65536,81919,09f7fc7b6cd92d2ac10e4ef757dd3c6cda104518,6.238121,3805,369,False,False,256
Pokemon - Blaue Edition (Germany) (SGB Enhanced).gb,5,81920,98303,1031cbe0426a95e76bd18b519bcde126209e7e9b,6.244994,978,177,False,False,253
Pokemon - Blaue Edition (Germany) (SGB Enhanced).gb,6,98304,114687,b2a22d6798088c6ae633a9034f7f60933d7bd15f,5.195565,6554,147,False,False,254
Pokemon - Blaue Edition (Germany) (SGB Enhanced).gb,7,114688,131071,82eb3afbf415e16abd3bdeac198befe77f3e68a8,5.694355,5117,218,False,False,256
Pokemon - Blaue Edition (Germany) (SGB Enhanced).gb,8,131072,147455,af6ac20e70c189535140727b75a536563229a79f,7.027123,458,284,False,False,256
Pokemon - Blaue Edition (Germany) (SGB Enhanced).gb,9,147456,163839,f9f9d123ed48dfe0366c43192bd7ad105be030fd,7.817177,88,233,False,False,256
Pokemon - Blaue Edition (Germany) (SGB Enhanced).gb,10,163840,180223,adc20a64213648943b2bfeb82c5bfa53b0147c4b,7.809071,270,255,False,False,256
Pokemon - Blaue Edition (Germany) (SGB Enhanced).gb,11,180224,196607,1e9c6f9b6af6d91a196bcc795b4b23fdfff59c55,7.746934,638,331,False,False,256
Pokemon - Blaue Edition (Germany) (SGB Enhanced).gb,12,196608,212991,e4674f6718c051310376275dd11609411739b498,7.815409,123,280,False,False,256
Pokemon - Blaue Edition (Germany) (SGB Enhanced).gb,13,212992,229375,12cd5f0c9d22fdb916cdb615878d08de0c1aa81f,7.748914,622,399,False,False,256
Pokemon - Blaue Edition (Germany) (SGB Enhanced).gb,14,229376,245759,d1f451c3e75dacd7826147e41d386b6a400e8a81,6.790958,3053,368,False,False,256
Pokemon - Blaue Edition (Germany) (SGB Enhanced).gb,15,245760,262143,3aff39922f22d26a3e4ed106261333a3bf185ded,6.870752,1298,54,False,False,256
Pokemon - Blaue Edition (Germany) (SGB Enhanced).gb,16,262144,278527,9a5690d5d644d4b7bac665749d2f0b1cb2ae8749,4.760896,7773,430,False,False,256
Pokemon - Blaue Edition (Germany) (SGB Enhanced).gb,17,278528,294911,6c589d675fcb3b03e211c6260fe7a78bb3e706e9,6.02038,4122,326,False,False,254
Pokemon - Blaue Edition (Germany) (SGB Enhanced).gb,18,294912,311295,ff9a68088f8649b88a66e48c3d08d234e33f62f6,4.774817,7446,202,False,False,255
Pokemon - Blaue Edition (Germany) (SGB Enhanced).gb,19,311296,327679,af89cd758dd741ea937d86334fcd43b93be29210,7.832048,119,327,False,False,256
Pokemon - Blaue Edition (Germany) (SGB Enhanced).gb,20,327680,344063,3b5236d795ea7eab8ae071d7f567494c262da8c8,5.551679,5703,161,False,False,255
Pokemon - Blaue Edition (Germany) (SGB Enhanced).gb,21,344064,360447,3bb0531992f733b08124257f0b8b93e7a37ae1a8,5.470647,5673,127,False,False,256
Pokemon - Blaue Edition (Germany) (SGB Enhanced).gb,22,360448,376831,879fc683ef7a916c1ab483d374974ddf99a3b1ef,5.101023,6833,126,False,False,256
Pokemon - Blaue Edition (Germany) (SGB Enhanced).gb,23,376832,393215,f7602050d047cc1047f13cdc3674ca1b00f315e6,4.332972,8603,187,False,False,254
Pokemon - Blaue Edition (Germany) (SGB Enhanced).gb,24,393216,409599,52158744bc34ba52340d80a8e73cd8bbf4b9e0b0,4.829317,7032,183,False,False,255
Pokemon - Blaue Edition (Germany) (SGB Enhanced).gb,25,409600,425983,8fbb2bb1aa3b27c23958bdd898a0c460a8cab9ff,6.498064,1531,1591,False,False,255
Pokemon - Blaue Edition (Germany) (SGB Enhanced).gb,26,425984,442367,3619d0a56b9160b2ff0c7021f41a59e207bd1979,6.372272,1042,1294,False,False,256
Pokemon - Blaue Edition (Germany) (SGB Enhanced).gb,27,442368,458751,682b94550690d2e4c4103fe93753ed74ab38fc72,6.201428,1420,1810,False,False,255
Pokemon - Blaue Edition (Germany) (SGB Enhanced).gb,28,458752,475135,1cacbc73a93cfb7c3a3bf75498fb1ec73879faa6,6.438592,3489,350,False,False,256
Pokemon - Blaue Edition (Germany) (SGB Enhanced).gb,29,475136,491519,99f3e0ffd2db73a7e4f7177ad8993c438a89add3,5.465761,6090,204,False,False,255
Pokemon - Blaue Edition (Germany) (SGB Enhanced).gb,30,491520,507903,edf59ac262acb51911941e8aec3d003b019b402a,6.78352,2253,599,False,False,256
Pokemon - Blaue Edition (Germany) (SGB Enhanced).gb,31,507904,524287,57de79a8f970180a9591d22bfbf89069923e9e3b,7.065391,409,286,False,False,256
Pokemon - Blaue Edition (Germany) (SGB Enhanced).gb,32,524288,540671,454d36e4265a95f5e8deeea5a112b1403d2bc4a5,4.949842,2966,6,False,False,95
Pokemon - Blaue Edition (Germany) (SGB Enhanced).gb,33,540672,557055,5936c9b04d3bf372af7421f90993bee0e795fc3c,4.966988,2715,1,False,False,87
Pokemon - Blaue Edition (Germany) (SGB Enhanced).gb,34,557056,573439,bfd69463d3c7fbcbc4115829e9b5cc9d73c86af7,5.136988,2796,3,False,False,118
Pokemon - Blaue Edition (Germany) (SGB Enhanced).gb,35,573440,589823,90e2fcc228fe88a6032d29bf9c426793cf7025a3,4.965694,2748,3,False,False,86
Pokemon - Blaue Edition (Germany) (SGB Enhanced).gb,36,589824,606207,f8cb1bca47d2b380ed59c203c9dd93825fb737d1,4.928426,2952,1,False,False,87
Pokemon - Blaue Edition (Germany) (SGB Enhanced).gb,37,606208,622591,e992207ee0fb9cf49f18fefff2a4a2ee9a3f74eb,4.912399,3302,4,False,False,97
Pokemon - Blaue Edition (Germany) (SGB Enhanced).gb,38,622592,638975,92cd815779dd5665b4de6b0a86215caeec85317f,4.946927,2986,0,False,False,89
Pokemon - Blaue Edition (Germany) (SGB Enhanced).gb,39,638976,655359,c08490f6c39037989fb65a0dea3650593d147599,4.843435,3869,2,False,False,86
Pokemon - Blaue Edition (Germany) (SGB Enhanced).gb,40,655360,671743,fc27300abf2b5ebcff1dedd587c9b86b1712c1c6,4.851002,3624,3,False,False,92
Pokemon - Blaue Edition (Germany) (SGB Enhanced).gb,41,671744,688127,9110b2bf2c2ed85950f2d12ce9a1aa7c7f6629b5,4.982639,3467,0,False,False,92
Pokemon - Blaue Edition (Germany) (SGB Enhanced).gb,42,688128,704511,77927e1373573c7a3c42297041e3831ba8ee23c0,0.579582,15488,0,False,False,59
Pokemon - Blaue Edition (Germany) (SGB Enhanced).gb,43,704512,720895,224192055130a93a91441238ae9743cb978e2072,4.707008,2640,0,False,False,71
Pokemon - Blaue Edition (Germany) (SGB Enhanced).gb,44,720896,737279,40e9f75c9fd1ccd90ca7dee64983b4b05f6bdb0b,0.919953,14703,0,False,False,29
Pokemon - Blaue Edition (Germany) (SGB Enhanced).gb,45,737280,753663,897256b6709e1a4da9daba92b6bde39ccfccd8c1,-0.0,16384,0,True,False,1
Pokemon - Blaue Edition (Germany) (SGB Enhanced).gb,46,753664,770047,897256b6709e1a4da9daba92b6bde39ccfccd8c1,-0.0,16384,0,True,False,1
Pokemon - Blaue Edition (Germany) (SGB Enhanced).gb,47,770048,786431,897256b6709e1a4da9daba92b6bde39ccfccd8c1,-0.0,16384,0,True,False,1
Pokemon - Blaue Edition (Germany) (SGB Enhanced).gb,48,786432,802815,897256b6709e1a4da9daba92b6bde39ccfccd8c1,-0.0,16384,0,True,False,1
Pokemon - Blaue Edition (Germany) (SGB Enhanced).gb,49,802816,819199,897256b6709e1a4da9daba92b6bde39ccfccd8c1,-0.0,16384,0,True,False,1
Pokemon - Blaue Edition (Germany) (SGB Enhanced).gb,50,819200,835583,897256b6709e1a4da9daba92b6bde39ccfccd8c1,-0.0,16384,0,True,False,1
Pokemon - Blaue Edition (Germany) (SGB Enhanced).gb,51,835584,851967,897256b6709e1a4da9daba92b6bde39ccfccd8c1,-0.0,16384,0,True,False,1
Pokemon - Blaue Edition (Germany) (SGB Enhanced).gb,52,851968,868351,897256b6709e1a4da9daba92b6bde39ccfccd8c1,-0.0,16384,0,True,False,1
Pokemon - Blaue Edition (Germany) (SGB Enhanced).gb,53,868352,884735,897256b6709e1a4da9daba92b6bde39ccfccd8c1,-0.0,16384,0,True,False,1
Pokemon - Blaue Edition (Germany) (SGB Enhanced).gb,54,884736,901119,897256b6709e1a4da9daba92b6bde39ccfccd8c1,-0.0,16384,0,True,False,1
Pokemon - Blaue Edition (Germany) (SGB Enhanced).gb,55,901120,917503,897256b6709e1a4da9daba92b6bde39ccfccd8c1,-0.0,16384,0,True,False,1
Pokemon - Blaue Edition (Germany) (SGB Enhanced).gb,56,917504,933887,897256b6709e1a4da9daba92b6bde39ccfccd8c1,-0.0,16384,0,True,False,1
Pokemon - Blaue Edition (Germany) (SGB Enhanced).gb,57,933888,950271,897256b6709e1a4da9daba92b6bde39ccfccd8c1,-0.0,16384,0,True,False,1
Pokemon - Blaue Edition (Germany) (SGB Enhanced).gb,58,950272,966655,897256b6709e1a4da9daba92b6bde39ccfccd8c1,-0.0,16384,0,True,False,1
Pokemon - Blaue Edition (Germany) (SGB Enhanced).gb,59,966656,983039,897256b6709e1a4da9daba92b6bde39ccfccd8c1,-0.0,16384,0,True,False,1
Pokemon - Blaue Edition (Germany) (SGB Enhanced).gb,60,983040,999423,897256b6709e1a4da9daba92b6bde39ccfccd8c1,-0.0,16384,0,True,False,1
Pokemon - Blaue Edition (Germany) (SGB Enhanced).gb,61,999424,1015807,897256b6709e1a4da9daba92b6bde39ccfccd8c1,-0.0,16384,0,True,False,1
Pokemon - Blaue Edition (Germany) (SGB Enhanced).gb,62,1015808,1032191,897256b6709e1a4da9daba92b6bde39ccfccd8c1,-0.0,16384,0,True,False,1
Pokemon - Blaue Edition (Germany) (SGB Enhanced).gb,63,1032192,1048575,897256b6709e1a4da9daba92b6bde39ccfccd8c1,-0.0,16384,0,True,False,1
