file,game_code,region_index,start,end,ff_bytes,ff_percent,zero_bytes,zero_percent,pointer_like_sources,pointer_like_targets,sha256
Pocket Monsters - Leaf Green (Japan).gba,BPGJ,0,0x0000000,0x00FFFFF,10384,0.9903,106695,10.1752,11867,15467,cd806a1f4d191073f88ed55b23394c1914b550dc4db68b4f63d0d227c328dd7d
Pocket Monsters - Leaf Green (Japan).gba,BPGJ,1,0x0100000,0x01FFFFF,18939,1.8062,234684,22.3812,14849,15119,d3ddd475ffb5a3ed35e2dd7a290f1e948d607d52c86ccdac39656b0cb5d5e799
Pocket Monsters - Leaf Green (Japan).gba,BPGJ,2,0x0200000,0x02FFFFF,8534,0.8139,197323,18.8182,3683,4292,b7407301de7b9ac6862fe3006bb6216bbf187bbdb5715c587798cddc79d3e1a8
Pocket Monsters - Leaf Green (Japan).gba,BPGJ,3,0x0300000,0x03FFFFF,21925,2.0909,325585,31.0502,20600,14529,87bf520b1dd14a86561b05479ae2c61a0077b054cff9901b62a703cd15d80d63
Pocket Monsters - Leaf Green (Japan).gba,BPGJ,4,0x0400000,0x04FFFFF,26604,2.5372,154173,14.7031,8252,5393,3b4af05462bbf552f8ea1d9427c37071a07b0028b3210c91cfeae532046a8c0e
Pocket Monsters - Leaf Green (Japan).gba,BPGJ,5,0x0500000,0x05FFFFF,24553,2.3416,36472,3.4782,516,683,55d3b05c5e5e140e2f651e18aff6076d5ae5774021e63194a4384add1ba8adf1
Pocket Monsters - Leaf Green (Japan).gba,BPGJ,6,0x0600000,0x06FFFFF,237693,22.6682,18338,1.7488,2808,2733,d0e07a434a630fc041cb32775b4d3aebf3bdd796b146c5a52883ca08c635c694
Pocket Monsters - Leaf Green (Japan).gba,BPGJ,7,0x0700000,0x07FFFFF,1048576,100.0,0,0.0,0,142,f5fb04aa5b882706b9309e885f19477261336ef76a150c3b4d3489dfac3953ec
Pocket Monsters - Leaf Green (Japan).gba,BPGJ,8,0x0800000,0x08FFFFF,1048576,100.0,0,0.0,0,167,f5fb04aa5b882706b9309e885f19477261336ef76a150c3b4d3489dfac3953ec
Pocket Monsters - Leaf Green (Japan).gba,BPGJ,9,0x0900000,0x09FFFFF,1048576,100.0,0,0.0,0,77,f5fb04aa5b882706b9309e885f19477261336ef76a150c3b4d3489dfac3953ec
Pocket Monsters - Leaf Green (Japan).gba,BPGJ,10,0x0A00000,0x0AFFFFF,1048576,100.0,0,0.0,0,80,f5fb04aa5b882706b9309e885f19477261336ef76a150c3b4d3489dfac3953ec
Pocket Monsters - Leaf Green (Japan).gba,BPGJ,11,0x0B00000,0x0BFFFFF,1048576,100.0,0,0.0,0,116,f5fb04aa5b882706b9309e885f19477261336ef76a150c3b4d3489dfac3953ec
Pocket Monsters - Leaf Green (Japan).gba,BPGJ,12,0x0C00000,0x0CFFFFF,21233,2.0249,323690,30.8695,1059,2957,6cbfc729712d4767ca9a84595557aefa7a2925f319c72ffd763bbded1f1fe2fe
Pocket Monsters - Leaf Green (Japan).gba,BPGJ,13,0x0D00000,0x0DFFFFF,445511,42.4872,181406,17.3002,616,2042,1c5e637b22d0a3c42568fd238ba8b8ff2500a19ef760c6f622ddcffc6b5a7ad4
Pocket Monsters - Leaf Green (Japan).gba,BPGJ,14,0x0E00000,0x0EFFFFF,1048576,100.0,0,0.0,0,178,f5fb04aa5b882706b9309e885f19477261336ef76a150c3b4d3489dfac3953ec
Pocket Monsters - Leaf Green (Japan).gba,BPGJ,15,0x0F00000,0x0FFFFFF,365963,34.901,578747,55.1936,252,527,b625bad2a1a6dd976903b7b5e58e05964c3b15e29c15732a07a794455f2334d2
Pokemon - Blattgruene Edition (Germany).gba,BPGD,0,0x0000000,0x00FFFFF,10506,1.0019,106773,10.1827,11834,15035,1d4528dd99c3bbd72952484b046af3d97dcd71f1a8bdce779de96a73bb7c0b8c
Pokemon - Blattgruene Edition (Germany).gba,BPGD,1,0x0100000,0x01FFFFF,17631,1.6814,179179,17.0878,10938,12096,881b96f080216e36c014f4e2a04d1a28bcedae26aa7c07b15211ad09a8a3e7d8
Pokemon - Blattgruene Edition (Germany).gba,BPGD,2,0x0200000,0x02FFFFF,16928,1.6144,376819,35.9363,5885,5854,7738fdaa05f60b3e4f886dfb9aa09a8233931d327e1319ecbc4731962a9ac860
Pokemon - Blattgruene Edition (Germany).gba,BPGD,3,0x0300000,0x03FFFFF,15223,1.4518,305985,29.181,19972,12443,61d426c59cd1ae5ff98ac403caddb31c108c790e1fb2bc7efa0809fcdbac26b7
Pokemon - Blattgruene Edition (Germany).gba,BPGD,4,0x0400000,0x04FFFFF,30182,2.8784,170136,16.2254,9121,7952,64cf848e24c71b6e75ce60dfdeceb822cd3c8bcacdf07c6efc8b0e57a5b0c4c2
Pokemon - Blattgruene Edition (Germany).gba,BPGD,5,0x0500000,0x05FFFFF,23906,2.2799,34459,3.2863,670,715,02fb7f894efabdb4bc154d36f72f1a28e745c6fab398430ee107142b266277f1
Pokemon - Blattgruene Edition (Germany).gba,BPGD,6,0x0600000,0x06FFFFF,11673,1.1132,25804,2.4609,2875,2820,f638ed0587e50b7187421d05280aa47e51237d73424dd25de80b18e41d6289b2
Pokemon - Blattgruene Edition (Germany).gba,BPGD,7,0x0700000,0x07FFFFF,952123,90.8015,10973,1.0465,300,163,391fd9345a5e32a341be96a6cd50cc0a3a87c23424281f2c1c50afc1d24da42b
Pokemon - Blattgruene Edition (Germany).gba,BPGD,8,0x0800000,0x08FFFFF,1048576,100.0,0,0.0,0,190,f5fb04aa5b882706b9309e885f19477261336ef76a150c3b4d3489dfac3953ec
Pokemon - Blattgruene Edition (Germany).gba,BPGD,9,0x0900000,0x09FFFFF,1048576,100.0,0,0.0,0,91,f5fb04aa5b882706b9309e885f19477261336ef76a150c3b4d3489dfac3953ec
Pokemon - Blattgruene Edition (Germany).gba,BPGD,10,0x0A00000,0x0AFFFFF,1048576,100.0,0,0.0,0,89,f5fb04aa5b882706b9309e885f19477261336ef76a150c3b4d3489dfac3953ec
Pokemon - Blattgruene Edition (Germany).gba,BPGD,11,0x0B00000,0x0BFFFFF,1048576,100.0,0,0.0,0,114,f5fb04aa5b882706b9309e885f19477261336ef76a150c3b4d3489dfac3953ec
Pokemon - Blattgruene Edition (Germany).gba,BPGD,12,0x0C00000,0x0CFFFFF,1048576,100.0,0,0.0,0,281,f5fb04aa5b882706b9309e885f19477261336ef76a150c3b4d3489dfac3953ec
Pokemon - Blattgruene Edition (Germany).gba,BPGD,13,0x0D00000,0x0DFFFFF,21232,2.0248,323697,30.8702,1058,2848,b3acd379afbc3e7fdac51d8f06132f6ca55fed56a391377b3ae093531680f562
Pokemon - Blattgruene Edition (Germany).gba,BPGD,14,0x0E00000,0x0EFFFFF,332927,31.7504,205597,19.6073,749,2277,9e79cb295fceffd48651e0cc8c3aca8b3cca90c9f0ab040d49cc74b0c8714859
Pokemon - Blattgruene Edition (Germany).gba,BPGD,15,0x0F00000,0x0FFFFFF,1048576,100.0,0,0.0,0,434,f5fb04aa5b882706b9309e885f19477261336ef76a150c3b4d3489dfac3953ec
Pokemon - Edicion Verde Hoja (Spain).gba,BPGS,0,0x0000000,0x00FFFFF,10492,1.0006,106737,10.1792,11833,15046,2434c4ee1400bbf50c9c622a7aaba5b35687caf229e5350de3e04a3d5260d837
Pokemon - Edicion Verde Hoja (Spain).gba,BPGS,1,0x0100000,0x01FFFFF,18578,1.7717,195688,18.6623,11099,12218,21a6d622790d2a444bce879bada4b39e9065a8bfe719351cf7742fed733bb161
Pokemon - Edicion Verde Hoja (Spain).gba,BPGS,2,0x0200000,0x02FFFFF,16159,1.541,362884,34.6073,5905,5885,78d28b4f5329e945be5d2daa88cbb4647e438fc78c70a62a806f028a35b2a2a4
Pokemon - Edicion Verde Hoja (Spain).gba,BPGS,3,0x0300000,0x03FFFFF,15487,1.477,310162,29.5794,20053,12473,2e8ae290fa65d0fdf94f745ee3973a1ece6345d2ab971d03870b818c0a86922a
Pokemon - Edicion Verde Hoja (Spain).gba,BPGS,4,0x0400000,0x04FFFFF,30679,2.9258,167757,15.9986,9088,7951,29cce4b0d444a5fd5886bf542f5c113d51dae3024fb98c2a49fd99ec42773546
Pokemon - Edicion Verde Hoja (Spain).gba,BPGS,5,0x0500000,0x05FFFFF,24963,2.3807,35193,3.3563,613,687,ecfa5fc5a3bab494a74ae7cbfddb1d65312450d32f8ff7955c393574369127c2
Pokemon - Edicion Verde Hoja (Spain).gba,BPGS,6,0x0600000,0x06FFFFF,10829,1.0327,28499,2.7179,2974,2806,d16bd448bdd223e2171cab6d1daed8f7ee22745f53305d9cef2b812532c86173
Pokemon - Edicion Verde Hoja (Spain).gba,BPGS,7,0x0700000,0x07FFFFF,982630,93.7109,7136,0.6805,194,161,00ebc4f6069aeed4c356a6339e618248e35f967d651cc98f9d8548f669845238
Pokemon - Edicion Verde Hoja (Spain).gba,BPGS,8,0x0800000,0x08FFFFF,1048576,100.0,0,0.0,0,195,f5fb04aa5b882706b9309e885f19477261336ef76a150c3b4d3489dfac3953ec
Pokemon - Edicion Verde Hoja (Spain).gba,BPGS,9,0x0900000,0x09FFFFF,1048576,100.0,0,0.0,0,89,f5fb04aa5b882706b9309e885f19477261336ef76a150c3b4d3489dfac3953ec
Pokemon - Edicion Verde Hoja (Spain).gba,BPGS,10,0x0A00000,0x0AFFFFF,1048576,100.0,0,0.0,0,90,f5fb04aa5b882706b9309e885f19477261336ef76a150c3b4d3489dfac3953ec
Pokemon - Edicion Verde Hoja (Spain).gba,BPGS,11,0x0B00000,0x0BFFFFF,1048576,100.0,0,0.0,0,121,f5fb04aa5b882706b9309e885f19477261336ef76a150c3b4d3489dfac3953ec
Pokemon - Edicion Verde Hoja (Spain).gba,BPGS,12,0x0C00000,0x0CFFFFF,1048576,100.0,0,0.0,0,279,f5fb04aa5b882706b9309e885f19477261336ef76a150c3b4d3489dfac3953ec
Pokemon - Edicion Verde Hoja (Spain).gba,BPGS,13,0x0D00000,0x0DFFFFF,21202,2.022,323681,30.8686,1058,2849,a2ad61252c9e97976b8717137586e3b4a51443d12cd88182e7d4f83ea5fc1ada
Pokemon - Edicion Verde Hoja (Spain).gba,BPGS,14,0x0E00000,0x0EFFFFF,332846,31.7427,205706,19.6177,748,2278,468eb84edc6a2e2fbb51c5758402edec32e355146f128834c170a17d5a91b3ff
Pokemon - Edicion Verde Hoja (Spain).gba,BPGS,15,0x0F00000,0x0FFFFFF,1048576,100.0,0,0.0,0,437,f5fb04aa5b882706b9309e885f19477261336ef76a150c3b4d3489dfac3953ec
Pokemon - Leaf Green Version (Europe) (Rev 1).gba,BPGE,0,0x0000000,0x00FFFFF,10509,1.0022,106843,10.1893,11861,15047,049ac4db7913953804d5f99711775b814ed0871f609d58cafe36e9b107f9fc11
Pokemon - Leaf Green Version (Europe) (Rev 1).gba,BPGE,1,0x0100000,0x01FFFFF,17754,1.6932,186078,17.7458,11232,12290,6f7d323b88db0d973731dd3cbf3171b748b37294027579c6706b1b6f273678fd
Pokemon - Leaf Green Version (Europe) (Rev 1).gba,BPGE,2,0x0200000,0x02FFFFF,16952,1.6167,377981,36.0471,5881,5845,803498410315256f18a65ee5114c92fffc96b35ed1b18d8305057753c5b42d3e
Pokemon - Leaf Green Version (Europe) (Rev 1).gba,BPGE,3,0x0300000,0x03FFFFF,15203,1.4499,307474,29.323,19964,12469,61151e90e16345f018dd034e64d7a335d67801ba5649894ce0d8323788cc3271
Pokemon - Leaf Green Version (Europe) (Rev 1).gba,BPGE,4,0x0400000,0x04FFFFF,29942,2.8555,174345,16.6268,9125,8004,bc65679ef9d014b9312ca6cc783c840877250216ee16a170bba7db031691414e
Pokemon - Leaf Green Version (Europe) (Rev 1).gba,BPGE,5,0x0500000,0x05FFFFF,23741,2.2641,34504,3.2906,680,712,d780c26206096cbeb39d78d05e1199d8e04e45aac4af736d72b4f60147b47bd6
Pokemon - Leaf Green Version (Europe) (Rev 1).gba,BPGE,6,0x0600000,0x06FFFFF,11782,1.1236,25191,2.4024,2867,2878,d342d1c3ddbdbe93f2bd78b39cfd0c10e11419cd16ea405273c63f0bad6541c2
Pokemon - Leaf Green Version (Europe) (Rev 1).gba,BPGE,7,0x0700000,0x07FFFFF,944538,90.0782,11129,1.0613,329,164,acf5577f1f72774b9195b4945f2143d6c7017ba9b47e7435aa191e3e0201a9b9
Pokemon - Leaf Green Version (Europe) (Rev 1).gba,BPGE,8,0x0800000,0x08FFFFF,1048576,100.0,0,0.0,0,187,f5fb04aa5b882706b9309e885f19477261336ef76a150c3b4d3489dfac3953ec
Pokemon - Leaf Green Version (Europe) (Rev 1).gba,BPGE,9,0x0900000,0x09FFFFF,1048576,100.0,0,0.0,0,94,f5fb04aa5b882706b9309e885f19477261336ef76a150c3b4d3489dfac3953ec
Pokemon - Leaf Green Version (Europe) (Rev 1).gba,BPGE,10,0x0A00000,0x0AFFFFF,1048576,100.0,0,0.0,0,90,f5fb04aa5b882706b9309e885f19477261336ef76a150c3b4d3489dfac3953ec
Pokemon - Leaf Green Version (Europe) (Rev 1).gba,BPGE,11,0x0B00000,0x0BFFFFF,1048576,100.0,0,0.0,0,119,f5fb04aa5b882706b9309e885f19477261336ef76a150c3b4d3489dfac3953ec
Pokemon - Leaf Green Version (Europe) (Rev 1).gba,BPGE,12,0x0C00000,0x0CFFFFF,1048576,100.0,0,0.0,0,280,f5fb04aa5b882706b9309e885f19477261336ef76a150c3b4d3489dfac3953ec
Pokemon - Leaf Green Version (Europe) (Rev 1).gba,BPGE,13,0x0D00000,0x0DFFFFF,21210,2.0227,323681,30.8686,1058,2848,030dff7f9bb59bb397ac46695b95b563735a708f6872d27a364bf05c4f4f78a0
Pokemon - Leaf Green Version (Europe) (Rev 1).gba,BPGE,14,0x0E00000,0x0EFFFFF,337998,32.234,205200,19.5694,735,2240,fd52cf37c7f828e54160b9b0b21e990695f48e280e622f9c88289e97b845cf7c
Pokemon - Leaf Green Version (Europe) (Rev 1).gba,BPGE,15,0x0F00000,0x0FFFFFF,1048576,100.0,0,0.0,0,465,f5fb04aa5b882706b9309e885f19477261336ef76a150c3b4d3489dfac3953ec
Pokemon - Leaf Green Version (USA).gba,BPGE,0,0x0000000,0x00FFFFF,10578,1.0088,106859,10.1909,11867,15051,9e93c1e8a4dd8ab39df67f72541e86e47ccb52ef413cbf344b13d61a8a145831
Pokemon - Leaf Green Version (USA).gba,BPGE,1,0x0100000,0x01FFFFF,17763,1.694,186081,17.7461,11218,12282,c74297c8a5cebd61c222f2f045a8b53064604f9c37d765a99e3a9704b3242fd7
Pokemon - Leaf Green Version (USA).gba,BPGE,2,0x0200000,0x02FFFFF,16942,1.6157,377915,36.0408,5885,5846,15058096c6bf1d153cbf9557ee76ac924d07488c9256217423b815846f202d1a
Pokemon - Leaf Green Version (USA).gba,BPGE,3,0x0300000,0x03FFFFF,15197,1.4493,307518,29.3272,19960,12464,80b9c393833b33391d7918b614b476ff072cc7e178fd81b8cc3cc4e7b3ac370c
Pokemon - Leaf Green Version (USA).gba,BPGE,4,0x0400000,0x04FFFFF,29941,2.8554,174297,16.6223,9125,8007,1e7f358bff042214fb450662f13393799740ad9ff1c0e6b55fa26fef827bf302
Pokemon - Leaf Green Version (USA).gba,BPGE,5,0x0500000,0x05FFFFF,23754,2.2654,34505,3.2907,680,715,587367d08e7f4f2ce246b8eb5c8cb4e206f03e566ae2107208cc1d5c14d526cc
Pokemon - Leaf Green Version (USA).gba,BPGE,6,0x0600000,0x06FFFFF,11779,1.1233,25201,2.4034,2867,2878,4d2113e7c2d09ff6e3f96baa6215599ab32dbdcbbc66cb6120c422f61387df05
Pokemon - Leaf Green Version (USA).gba,BPGE,7,0x0700000,0x07FFFFF,944650,90.0888,11119,1.0604,329,164,d6a6c99b2ef5a2719cd95177495099f6b46f44f330c03460edd00e219c9c3045
Pokemon - Leaf Green Version (USA).gba,BPGE,8,0x0800000,0x08FFFFF,1048576,100.0,0,0.0,0,186,f5fb04aa5b882706b9309e885f19477261336ef76a150c3b4d3489dfac3953ec
Pokemon - Leaf Green Version (USA).gba,BPGE,9,0x0900000,0x09FFFFF,1048576,100.0,0,0.0,0,94,f5fb04aa5b882706b9309e885f19477261336ef76a150c3b4d3489dfac3953ec
Pokemon - Leaf Green Version (USA).gba,BPGE,10,0x0A00000,0x0AFFFFF,1048576,100.0,0,0.0,0,89,f5fb04aa5b882706b9309e885f19477261336ef76a150c3b4d3489dfac3953ec
Pokemon - Leaf Green Version (USA).gba,BPGE,11,0x0B00000,0x0BFFFFF,1048576,100.0,0,0.0,0,115,f5fb04aa5b882706b9309e885f19477261336ef76a150c3b4d3489dfac3953ec
Pokemon - Leaf Green Version (USA).gba,BPGE,12,0x0C00000,0x0CFFFFF,1048576,100.0,0,0.0,0,280,f5fb04aa5b882706b9309e885f19477261336ef76a150c3b4d3489dfac3953ec
Pokemon - Leaf Green Version (USA).gba,BPGE,13,0x0D00000,0x0DFFFFF,21210,2.0227,323681,30.8686,1058,2849,030dff7f9bb59bb397ac46695b95b563735a708f6872d27a364bf05c4f4f78a0
Pokemon - Leaf Green Version (USA).gba,BPGE,14,0x0E00000,0x0EFFFFF,337998,32.234,205200,19.5694,735,2239,fd52cf37c7f828e54160b9b0b21e990695f48e280e622f9c88289e97b845cf7c
Pokemon - Leaf Green Version (USA).gba,BPGE,15,0x0F00000,0x0FFFFFF,1048576,100.0,0,0.0,0,465,f5fb04aa5b882706b9309e885f19477261336ef76a150c3b4d3489dfac3953ec
Pokemon - Version Vert Feuille (France).gba,BPGF,0,0x0000000,0x00FFFFF,10418,0.9935,106724,10.178,11832,15058,24e2a3cab1a48f22750b4003deaf2d449ce9f2674be91348eb3c99f06c133eef
Pokemon - Version Vert Feuille (France).gba,BPGF,1,0x0100000,0x01FFFFF,18507,1.765,199920,19.0659,11045,12196,8b0ccc9553c939c73abc30081fcd3ce81892bd16a447871eff97b3996e8079a1
Pokemon - Version Vert Feuille (France).gba,BPGF,2,0x0200000,0x02FFFFF,15951,1.5212,357907,34.1327,5913,5883,f9de9903ee3cc25cdf2940d3975aa0aefabcace8b4124831c659d2bba2bf6f51
Pokemon - Version Vert Feuille (France).gba,BPGF,3,0x0300000,0x03FFFFF,15706,1.4978,310443,29.6062,20053,12471,28bfc8712458f181b5f62228b473c45f5300ad3e492fdadb5e0183c09c89a665
Pokemon - Version Vert Feuille (France).gba,BPGF,4,0x0400000,0x04FFFFF,30175,2.8777,166939,15.9205,9123,7949,0c0cb258635f48913ed7c478d5afeb4b65b425008d83ecc1e1cf8ba0c48f3f91
Pokemon - Version Vert Feuille (France).gba,BPGF,5,0x0500000,0x05FFFFF,25149,2.3984,35478,3.3834,603,680,3d24b083636656deba20b2c1623b0b0aae9977afdd2f2e5ba77514d923028210
Pokemon - Version Vert Feuille (France).gba,BPGF,6,0x0600000,0x06FFFFF,10661,1.0167,28565,2.7242,2991,2809,d776eb62fe954d688636f6b6615091cfcd7f5f8704bf78e3b65ae7e1a0bff573
Pokemon - Version Vert Feuille (France).gba,BPGF,7,0x0700000,0x07FFFFF,987215,94.1482,6715,0.6404,181,165,823da8d8851d11caf2c7ca2c0617fd342deb8084d03725d4122153362d0d6894
Pokemon - Version Vert Feuille (France).gba,BPGF,8,0x0800000,0x08FFFFF,1048576,100.0,0,0.0,0,185,f5fb04aa5b882706b9309e885f19477261336ef76a150c3b4d3489dfac3953ec
Pokemon - Version Vert Feuille (France).gba,BPGF,9,0x0900000,0x09FFFFF,1048576,100.0,0,0.0,0,90,f5fb04aa5b882706b9309e885f19477261336ef76a150c3b4d3489dfac3953ec
Pokemon - Version Vert Feuille (France).gba,BPGF,10,0x0A00000,0x0AFFFFF,1048576,100.0,0,0.0,0,90,f5fb04aa5b882706b9309e885f19477261336ef76a150c3b4d3489dfac3953ec
Pokemon - Version Vert Feuille (France).gba,BPGF,11,0x0B00000,0x0BFFFFF,1048576,100.0,0,0.0,0,118,f5fb04aa5b882706b9309e885f19477261336ef76a150c3b4d3489dfac3953ec
Pokemon - Version Vert Feuille (France).gba,BPGF,12,0x0C00000,0x0CFFFFF,1048576,100.0,0,0.0,0,277,f5fb04aa5b882706b9309e885f19477261336ef76a150c3b4d3489dfac3953ec
Pokemon - Version Vert Feuille (France).gba,BPGF,13,0x0D00000,0x0DFFFFF,21212,2.0229,323681,30.8686,1058,2844,581a51ed40fd01e3c1fb454f68568d73beeb37656d7756698597e1a8fa938520
Pokemon - Version Vert Feuille (France).gba,BPGF,14,0x0E00000,0x0EFFFFF,332994,31.7568,205588,19.6064,749,2277,17cd4285738c929a4c9e6194dfbe009458c1468588597774d65c75a6a5fcc945
Pokemon - Version Vert Feuille (France).gba,BPGF,15,0x0F00000,0x0FFFFFF,1048576,100.0,0,0.0,0,456,f5fb04aa5b882706b9309e885f19477261336ef76a150c3b4d3489dfac3953ec
Pokemon - Versione Verde Foglia (Italy).gba,BPGI,0,0x0000000,0x00FFFFF,10473,0.9988,106896,10.1944,11836,15048,af0a8f105e0ad8fb3581a4f2f1168a62eea0f056e3d947cf6f7bc4bcf7809b9d
Pokemon - Versione Verde Foglia (Italy).gba,BPGI,1,0x0100000,0x01FFFFF,18596,1.7735,201916,19.2562,11051,12188,2cbe338ef027a1607128a0e2e3f5b4f0beae93be417d1315180cda9506015584
Pokemon - Versione Verde Foglia (Italy).gba,BPGI,2,0x0200000,0x02FFFFF,16054,1.531,352958,33.6607,5929,5901,70c2e0f751d2a6c52388f878f679542f52bbb6da2edc80fab9bbbcd9a297911b
Pokemon - Versione Verde Foglia (Italy).gba,BPGI,3,0x0300000,0x03FFFFF,15690,1.4963,310492,29.6108,20039,12462,69269ebb114cd3a268f152c2b557b24aa8273dc5f94783e1021f5bb039c19aad
Pokemon - Versione Verde Foglia (Italy).gba,BPGI,4,0x0400000,0x04FFFFF,30426,2.9016,166063,15.837,9098,7948,7b7210804fb07554e575e4102630ec4b5ee42f18c38d60db9247e926084e3288
Pokemon - Versione Verde Foglia (Italy).gba,BPGI,5,0x0500000,0x05FFFFF,25362,2.4187,35489,3.3845,586,680,9a2bdc9a28f258b0dbdd8da491b1ac5fcd1f6e0163353948f94cdae3ee39c4ee
Pokemon - Versione Verde Foglia (Italy).gba,BPGI,6,0x0600000,0x06FFFFF,10457,0.9973,29404,2.8042,3014,2799,d61dfe862e6d9787dc7428ac75abd6246534aa806da45eff5861f973edf5182d
Pokemon - Versione Verde Foglia (Italy).gba,BPGI,7,0x0700000,0x07FFFFF,994550,94.8477,5931,0.5656,153,167,1ea8ef26fc3819d447b8392f884c7a1a542d91952324864f570b3cdbb5170bb3
Pokemon - Versione Verde Foglia (Italy).gba,BPGI,8,0x0800000,0x08FFFFF,1048576,100.0,0,0.0,0,190,f5fb04aa5b882706b9309e885f19477261336ef76a150c3b4d3489dfac3953ec
Pokemon - Versione Verde Foglia (Italy).gba,BPGI,9,0x0900000,0x09FFFFF,1048576,100.0,0,0.0,0,89,f5fb04aa5b882706b9309e885f19477261336ef76a150c3b4d3489dfac3953ec
Pokemon - Versione Verde Foglia (Italy).gba,BPGI,10,0x0A00000,0x0AFFFFF,1048576,100.0,0,0.0,0,88,f5fb04aa5b882706b9309e885f19477261336ef76a150c3b4d3489dfac3953ec
Pokemon - Versione Verde Foglia (Italy).gba,BPGI,11,0x0B00000,0x0BFFFFF,1048576,100.0,0,0.0,0,118,f5fb04aa5b882706b9309e885f19477261336ef76a150c3b4d3489dfac3953ec
Pokemon - Versione Verde Foglia (Italy).gba,BPGI,12,0x0C00000,0x0CFFFFF,1048576,100.0,0,0.0,0,281,f5fb04aa5b882706b9309e885f19477261336ef76a150c3b4d3489dfac3953ec
Pokemon - Versione Verde Foglia (Italy).gba,BPGI,13,0x0D00000,0x0DFFFFF,21212,2.0229,323693,30.8698,1058,2849,3cd09f5ebc095249a102b4f0d9062cef6ff9affbf1dd10ae66707ed08b6405d2
Pokemon - Versione Verde Foglia (Italy).gba,BPGI,14,0x0E00000,0x0EFFFFF,332631,31.7222,205646,19.6119,750,2277,bc0dfe65f2b596ebaef4c3d3f8494cbbe75f988c7e759a193a46c45e8820d930
Pokemon - Versione Verde Foglia (Italy).gba,BPGI,15,0x0F00000,0x0FFFFFF,1048576,100.0,0,0.0,0,429,f5fb04aa5b882706b9309e885f19477261336ef76a150c3b4d3489dfac3953ec
