national_id,constant,machine_move
252,TREECKO,FOCUS_PUNCH
252,TREECKO,TOXIC
252,TREECKO,BULLET_SEED
252,TREECKO,HIDDEN_POWER
252,TREECKO,SUNNY_DAY
252,TREECKO,PROTECT
252,TREECKO,GIGA_DRAIN
252,TREECKO,SAFEGUARD
252,TREECKO,FRUSTRATION
252,TREECKO,SOLAR_BEAM
252,TREECKO,IRON_TAIL
252,TREECKO,RETURN
252,TREECKO,DIG
252,TREECKO,BRICK_BREAK
252,TREECKO,DOUBLE_TEAM
252,TREECKO,ROCK_TOMB
252,TREECKO,AERIAL_ACE
252,TREECKO,FACADE
252,TREECKO,SECRET_POWER
252,TREECKO,REST
252,TREECKO,ATTRACT
252,TREECKO,CUT
252,TREECKO,STRENGTH
252,TREECKO,FLASH
252,TREECKO,ROCK_SMASH
253,GROVYLE,FOCUS_PUNCH
253,GROVYLE,TOXIC
253,GROVYLE,BULLET_SEED
253,GROVYLE,HIDDEN_POWER
253,GROVYLE,SUNNY_DAY
253,GROVYLE,PROTECT
253,GROVYLE,GIGA_DRAIN
253,GROVYLE,SAFEGUARD
253,GROVYLE,FRUSTRATION
253,GROVYLE,SOLAR_BEAM
253,GROVYLE,IRON_TAIL
253,GROVYLE,RETURN
253,GROVYLE,DIG
253,GROVYLE,BRICK_BREAK
253,GROVYLE,DOUBLE_TEAM
253,GROVYLE,ROCK_TOMB
253,GROVYLE,AERIAL_ACE
253,GROVYLE,FACADE
253,GROVYLE,SECRET_POWER
253,GROVYLE,REST
253,GROVYLE,ATTRACT
253,GROVYLE,CUT
253,GROVYLE,STRENGTH
253,GROVYLE,FLASH
253,GROVYLE,ROCK_SMASH
254,SCEPTILE,FOCUS_PUNCH
254,SCEPTILE,DRAGON_CLAW
254,SCEPTILE,ROAR
254,SCEPTILE,TOXIC
254,SCEPTILE,BULLET_SEED
254,SCEPTILE,HIDDEN_POWER
254,SCEPTILE,SUNNY_DAY
254,SCEPTILE,HYPER_BEAM
254,SCEPTILE,PROTECT
254,SCEPTILE,GIGA_DRAIN
254,SCEPTILE,SAFEGUARD
254,SCEPTILE,FRUSTRATION
254,SCEPTILE,SOLAR_BEAM
254,SCEPTILE,IRON_TAIL
254,SCEPTILE,EARTHQUAKE
254,SCEPTILE,RETURN
254,SCEPTILE,DIG
254,SCEPTILE,BRICK_BREAK
254,SCEPTILE,DOUBLE_TEAM
254,SCEPTILE,ROCK_TOMB
254,SCEPTILE,AERIAL_ACE
254,SCEPTILE,FACADE
254,SCEPTILE,SECRET_POWER
254,SCEPTILE,REST
254,SCEPTILE,ATTRACT
254,SCEPTILE,CUT
254,SCEPTILE,STRENGTH
254,SCEPTILE,FLASH
254,SCEPTILE,ROCK_SMASH
255,TORCHIC,TOXIC
255,TORCHIC,HIDDEN_POWER
255,TORCHIC,SUNNY_DAY
255,TORCHIC,PROTECT
255,TORCHIC,FRUSTRATION
255,TORCHIC,RETURN
255,TORCHIC,DIG
255,TORCHIC,DOUBLE_TEAM
255,TORCHIC,FLAMETHROWER
255,TORCHIC,FIRE_BLAST
255,TORCHIC,ROCK_TOMB
255,TORCHIC,AERIAL_ACE
255,TORCHIC,FACADE
255,TORCHIC,SECRET_POWER
255,TORCHIC,REST
255,TORCHIC,ATTRACT
255,TORCHIC,OVERHEAT
255,TORCHIC,CUT
255,TORCHIC,STRENGTH
255,TORCHIC,ROCK_SMASH
256,COMBUSKEN,FOCUS_PUNCH
256,COMBUSKEN,TOXIC
256,COMBUSKEN,BULK_UP
256,COMBUSKEN,HIDDEN_POWER
256,COMBUSKEN,SUNNY_DAY
256,COMBUSKEN,PROTECT
256,COMBUSKEN,FRUSTRATION
256,COMBUSKEN,RETURN
256,COMBUSKEN,DIG
256,COMBUSKEN,BRICK_BREAK
256,COMBUSKEN,DOUBLE_TEAM
256,COMBUSKEN,FLAMETHROWER
256,COMBUSKEN,FIRE_BLAST
256,COMBUSKEN,ROCK_TOMB
256,COMBUSKEN,AERIAL_ACE
256,COMBUSKEN,FACADE
256,COMBUSKEN,SECRET_POWER
256,COMBUSKEN,REST
256,COMBUSKEN,ATTRACT
256,COMBUSKEN,OVERHEAT
256,COMBUSKEN,CUT
256,COMBUSKEN,STRENGTH
256,COMBUSKEN,ROCK_SMASH
257,BLAZIKEN,FOCUS_PUNCH
257,BLAZIKEN,ROAR
257,BLAZIKEN,TOXIC
257,BLAZIKEN,BULK_UP
257,BLAZIKEN,HIDDEN_POWER
257,BLAZIKEN,SUNNY_DAY
257,BLAZIKEN,HYPER_BEAM
257,BLAZIKEN,PROTECT
257,BLAZIKEN,FRUSTRATION
257,BLAZIKEN,EARTHQUAKE
257,BLAZIKEN,RETURN
257,BLAZIKEN,DIG
257,BLAZIKEN,BRICK_BREAK
257,BLAZIKEN,DOUBLE_TEAM
257,BLAZIKEN,FLAMETHROWER
257,BLAZIKEN,FIRE_BLAST
257,BLAZIKEN,ROCK_TOMB
257,BLAZIKEN,AERIAL_ACE
257,BLAZIKEN,FACADE
257,BLAZIKEN,SECRET_POWER
257,BLAZIKEN,REST
257,BLAZIKEN,ATTRACT
257,BLAZIKEN,OVERHEAT
257,BLAZIKEN,CUT
257,BLAZIKEN,STRENGTH
257,BLAZIKEN,ROCK_SMASH
258,MUDKIP,WATER_PULSE
258,MUDKIP,TOXIC
258,MUDKIP,HAIL
258,MUDKIP,HIDDEN_POWER
258,MUDKIP,ICE_BEAM
258,MUDKIP,BLIZZARD
258,MUDKIP,PROTECT
258,MUDKIP,RAIN_DANCE
258,MUDKIP,FRUSTRATION
258,MUDKIP,IRON_TAIL
258,MUDKIP,RETURN
258,MUDKIP,DIG
258,MUDKIP,DOUBLE_TEAM
258,MUDKIP,ROCK_TOMB
258,MUDKIP,FACADE
258,MUDKIP,SECRET_POWER
258,MUDKIP,REST
258,MUDKIP,ATTRACT
258,MUDKIP,SURF
258,MUDKIP,STRENGTH
258,MUDKIP,ROCK_SMASH
258,MUDKIP,WATERFALL
258,MUDKIP,DIVE
259,MARSHTOMP,WATER_PULSE
259,MARSHTOMP,TOXIC
259,MARSHTOMP,HAIL
259,MARSHTOMP,HIDDEN_POWER
259,MARSHTOMP,ICE_BEAM
259,MARSHTOMP,BLIZZARD
259,MARSHTOMP,PROTECT
259,MARSHTOMP,RAIN_DANCE
259,MARSHTOMP,FRUSTRATION
259,MARSHTOMP,IRON_TAIL
259,MARSHTOMP,EARTHQUAKE
259,MARSHTOMP,RETURN
259,MARSHTOMP,DIG
259,MARSHTOMP,DOUBLE_TEAM
259,MARSHTOMP,ROCK_TOMB
259,MARSHTOMP,FACADE
259,MARSHTOMP,SECRET_POWER
259,MARSHTOMP,REST
259,MARSHTOMP,ATTRACT
259,MARSHTOMP,SURF
259,MARSHTOMP,STRENGTH
259,MARSHTOMP,ROCK_SMASH
259,MARSHTOMP,WATERFALL
259,MARSHTOMP,DIVE
260,SWAMPERT,FOCUS_PUNCH
260,SWAMPERT,WATER_PULSE
260,SWAMPERT,ROAR
260,SWAMPERT,TOXIC
260,SWAMPERT,HAIL
260,SWAMPERT,HIDDEN_POWER
260,SWAMPERT,ICE_BEAM
260,SWAMPERT,BLIZZARD
260,SWAMPERT,HYPER_BEAM
260,SWAMPERT,PROTECT
260,SWAMPERT,RAIN_DANCE
260,SWAMPERT,FRUSTRATION
260,SWAMPERT,IRON_TAIL
260,SWAMPERT,EARTHQUAKE
260,SWAMPERT,RETURN
260,SWAMPERT,DIG
260,SWAMPERT,BRICK_BREAK
260,SWAMPERT,DOUBLE_TEAM
260,SWAMPERT,ROCK_TOMB
260,SWAMPERT,FACADE
260,SWAMPERT,SECRET_POWER
260,SWAMPERT,REST
260,SWAMPERT,ATTRACT
260,SWAMPERT,SURF
260,SWAMPERT,STRENGTH
260,SWAMPERT,ROCK_SMASH
260,SWAMPERT,WATERFALL
260,SWAMPERT,DIVE
261,POOCHYENA,ROAR
261,POOCHYENA,TOXIC
261,POOCHYENA,HIDDEN_POWER
261,POOCHYENA,SUNNY_DAY
261,POOCHYENA,TAUNT
261,POOCHYENA,PROTECT
261,POOCHYENA,RAIN_DANCE
261,POOCHYENA,FRUSTRATION
261,POOCHYENA,IRON_TAIL
261,POOCHYENA,RETURN
261,POOCHYENA,DIG
261,POOCHYENA,SHADOW_BALL
261,POOCHYENA,DOUBLE_TEAM
261,POOCHYENA,TORMENT
261,POOCHYENA,FACADE
261,POOCHYENA,SECRET_POWER
261,POOCHYENA,REST
261,POOCHYENA,ATTRACT
261,POOCHYENA,THIEF
261,POOCHYENA,SNATCH
261,POOCHYENA,ROCK_SMASH
262,MIGHTYENA,ROAR
262,MIGHTYENA,TOXIC
262,MIGHTYENA,HIDDEN_POWER
262,MIGHTYENA,SUNNY_DAY
262,MIGHTYENA,TAUNT
262,MIGHTYENA,HYPER_BEAM
262,MIGHTYENA,PROTECT
262,MIGHTYENA,RAIN_DANCE
262,MIGHTYENA,FRUSTRATION
262,MIGHTYENA,IRON_TAIL
262,MIGHTYENA,RETURN
262,MIGHTYENA,DIG
262,MIGHTYENA,SHADOW_BALL
262,MIGHTYENA,DOUBLE_TEAM
262,MIGHTYENA,TORMENT
262,MIGHTYENA,FACADE
262,MIGHTYENA,SECRET_POWER
262,MIGHTYENA,REST
262,MIGHTYENA,ATTRACT
262,MIGHTYENA,THIEF
262,MIGHTYENA,SNATCH
262,MIGHTYENA,STRENGTH
262,MIGHTYENA,ROCK_SMASH
263,ZIGZAGOON,WATER_PULSE
263,ZIGZAGOON,TOXIC
263,ZIGZAGOON,HIDDEN_POWER
263,ZIGZAGOON,SUNNY_DAY
263,ZIGZAGOON,ICE_BEAM
263,ZIGZAGOON,BLIZZARD
263,ZIGZAGOON,PROTECT
263,ZIGZAGOON,RAIN_DANCE
263,ZIGZAGOON,FRUSTRATION
263,ZIGZAGOON,IRON_TAIL
263,ZIGZAGOON,THUNDERBOLT
263,ZIGZAGOON,THUNDER
263,ZIGZAGOON,RETURN
263,ZIGZAGOON,DIG
263,ZIGZAGOON,SHADOW_BALL
263,ZIGZAGOON,DOUBLE_TEAM
263,ZIGZAGOON,SHOCK_WAVE
263,ZIGZAGOON,FACADE
263,ZIGZAGOON,SECRET_POWER
263,ZIGZAGOON,REST
263,ZIGZAGOON,ATTRACT
263,ZIGZAGOON,THIEF
263,ZIGZAGOON,CUT
263,ZIGZAGOON,SURF
263,ZIGZAGOON,ROCK_SMASH
264,LINOONE,WATER_PULSE
264,LINOONE,ROAR
264,LINOONE,TOXIC
264,LINOONE,HIDDEN_POWER
264,LINOONE,SUNNY_DAY
264,LINOONE,ICE_BEAM
264,LINOONE,BLIZZARD
264,LINOONE,HYPER_BEAM
264,LINOONE,PROTECT
264,LINOONE,RAIN_DANCE
264,LINOONE,FRUSTRATION
264,LINOONE,IRON_TAIL
264,LINOONE,THUNDERBOLT
264,LINOONE,THUNDER
264,LINOONE,RETURN
264,LINOONE,DIG
264,LINOONE,SHADOW_BALL
264,LINOONE,DOUBLE_TEAM
264,LINOONE,SHOCK_WAVE
264,LINOONE,FACADE
264,LINOONE,SECRET_POWER
264,LINOONE,REST
264,LINOONE,ATTRACT
264,LINOONE,THIEF
264,LINOONE,CUT
264,LINOONE,SURF
264,LINOONE,STRENGTH
264,LINOONE,ROCK_SMASH
267,BEAUTIFLY,TOXIC
267,BEAUTIFLY,HIDDEN_POWER
267,BEAUTIFLY,SUNNY_DAY
267,BEAUTIFLY,HYPER_BEAM
267,BEAUTIFLY,PROTECT
267,BEAUTIFLY,GIGA_DRAIN
267,BEAUTIFLY,SAFEGUARD
267,BEAUTIFLY,FRUSTRATION
267,BEAUTIFLY,SOLAR_BEAM
267,BEAUTIFLY,RETURN
267,BEAUTIFLY,PSYCHIC
267,BEAUTIFLY,SHADOW_BALL
267,BEAUTIFLY,DOUBLE_TEAM
267,BEAUTIFLY,AERIAL_ACE
267,BEAUTIFLY,FACADE
267,BEAUTIFLY,SECRET_POWER
267,BEAUTIFLY,REST
267,BEAUTIFLY,ATTRACT
267,BEAUTIFLY,THIEF
267,BEAUTIFLY,FLASH
269,DUSTOX,TOXIC
269,DUSTOX,HIDDEN_POWER
269,DUSTOX,SUNNY_DAY
269,DUSTOX,HYPER_BEAM
269,DUSTOX,LIGHT_SCREEN
269,DUSTOX,PROTECT
269,DUSTOX,GIGA_DRAIN
269,DUSTOX,FRUSTRATION
269,DUSTOX,SOLAR_BEAM
269,DUSTOX,RETURN
269,DUSTOX,PSYCHIC
269,DUSTOX,SHADOW_BALL
269,DUSTOX,DOUBLE_TEAM
269,DUSTOX,SLUDGE_BOMB
269,DUSTOX,AERIAL_ACE
269,DUSTOX,FACADE
269,DUSTOX,SECRET_POWER
269,DUSTOX,REST
269,DUSTOX,ATTRACT
269,DUSTOX,THIEF
269,DUSTOX,FLASH
270,LOTAD,WATER_PULSE
270,LOTAD,TOXIC
270,LOTAD,HAIL
270,LOTAD,BULLET_SEED
270,LOTAD,HIDDEN_POWER
270,LOTAD,SUNNY_DAY
270,LOTAD,ICE_BEAM
270,LOTAD,BLIZZARD
270,LOTAD,PROTECT
270,LOTAD,RAIN_DANCE
270,LOTAD,GIGA_DRAIN
270,LOTAD,FRUSTRATION
270,LOTAD,SOLAR_BEAM
270,LOTAD,RETURN
270,LOTAD,DOUBLE_TEAM
270,LOTAD,FACADE
270,LOTAD,SECRET_POWER
270,LOTAD,REST
270,LOTAD,ATTRACT
270,LOTAD,THIEF
270,LOTAD,SURF
270,LOTAD,FLASH
271,LOMBRE,WATER_PULSE
271,LOMBRE,TOXIC
271,LOMBRE,HAIL
271,LOMBRE,BULLET_SEED
271,LOMBRE,HIDDEN_POWER
271,LOMBRE,SUNNY_DAY
271,LOMBRE,ICE_BEAM
271,LOMBRE,BLIZZARD
271,LOMBRE,PROTECT
271,LOMBRE,RAIN_DANCE
271,LOMBRE,GIGA_DRAIN
271,LOMBRE,FRUSTRATION
271,LOMBRE,SOLAR_BEAM
271,LOMBRE,RETURN
271,LOMBRE,BRICK_BREAK
271,LOMBRE,DOUBLE_TEAM
271,LOMBRE,FACADE
271,LOMBRE,SECRET_POWER
271,LOMBRE,REST
271,LOMBRE,ATTRACT
271,LOMBRE,THIEF
271,LOMBRE,SURF
271,LOMBRE,STRENGTH
271,LOMBRE,FLASH
271,LOMBRE,ROCK_SMASH
271,LOMBRE,WATERFALL
271,LOMBRE,DIVE
272,LUDICOLO,FOCUS_PUNCH
272,LUDICOLO,WATER_PULSE
272,LUDICOLO,TOXIC
272,LUDICOLO,HAIL
272,LUDICOLO,BULLET_SEED
272,LUDICOLO,HIDDEN_POWER
272,LUDICOLO,SUNNY_DAY
272,LUDICOLO,ICE_BEAM
272,LUDICOLO,BLIZZARD
272,LUDICOLO,HYPER_BEAM
272,LUDICOLO,PROTECT
272,LUDICOLO,RAIN_DANCE
272,LUDICOLO,GIGA_DRAIN
272,LUDICOLO,FRUSTRATION
272,LUDICOLO,SOLAR_BEAM
272,LUDICOLO,RETURN
272,LUDICOLO,BRICK_BREAK
272,LUDICOLO,DOUBLE_TEAM
272,LUDICOLO,FACADE
272,LUDICOLO,SECRET_POWER
272,LUDICOLO,REST
272,LUDICOLO,ATTRACT
272,LUDICOLO,THIEF
272,LUDICOLO,SURF
272,LUDICOLO,STRENGTH
272,LUDICOLO,FLASH
272,LUDICOLO,ROCK_SMASH
272,LUDICOLO,WATERFALL
272,LUDICOLO,DIVE
273,SEEDOT,TOXIC
273,SEEDOT,BULLET_SEED
273,SEEDOT,HIDDEN_POWER
273,SEEDOT,SUNNY_DAY
273,SEEDOT,PROTECT
273,SEEDOT,GIGA_DRAIN
273,SEEDOT,FRUSTRATION
273,SEEDOT,SOLAR_BEAM
273,SEEDOT,RETURN
273,SEEDOT,DIG
273,SEEDOT,SHADOW_BALL
273,SEEDOT,DOUBLE_TEAM
273,SEEDOT,FACADE
273,SEEDOT,SECRET_POWER
273,SEEDOT,REST
273,SEEDOT,ATTRACT
273,SEEDOT,FLASH
273,SEEDOT,ROCK_SMASH
274,NUZLEAF,TOXIC
274,NUZLEAF,BULLET_SEED
274,NUZLEAF,HIDDEN_POWER
274,NUZLEAF,SUNNY_DAY
274,NUZLEAF,HYPER_BEAM
274,NUZLEAF,PROTECT
274,NUZLEAF,GIGA_DRAIN
274,NUZLEAF,FRUSTRATION
274,NUZLEAF,SOLAR_BEAM
274,NUZLEAF,RETURN
274,NUZLEAF,DIG
274,NUZLEAF,SHADOW_BALL
274,NUZLEAF,BRICK_BREAK
274,NUZLEAF,DOUBLE_TEAM
274,NUZLEAF,ROCK_TOMB
274,NUZLEAF,TORMENT
274,NUZLEAF,FACADE
274,NUZLEAF,SECRET_POWER
274,NUZLEAF,REST
274,NUZLEAF,ATTRACT
274,NUZLEAF,THIEF
274,NUZLEAF,CUT
274,NUZLEAF,STRENGTH
274,NUZLEAF,FLASH
274,NUZLEAF,ROCK_SMASH
275,SHIFTRY,TOXIC
275,SHIFTRY,BULLET_SEED
275,SHIFTRY,HIDDEN_POWER
275,SHIFTRY,SUNNY_DAY
275,SHIFTRY,HYPER_BEAM
275,SHIFTRY,PROTECT
275,SHIFTRY,GIGA_DRAIN
275,SHIFTRY,FRUSTRATION
275,SHIFTRY,SOLAR_BEAM
275,SHIFTRY,RETURN
275,SHIFTRY,DIG
275,SHIFTRY,SHADOW_BALL
275,SHIFTRY,BRICK_BREAK
275,SHIFTRY,DOUBLE_TEAM
275,SHIFTRY,ROCK_TOMB
275,SHIFTRY,AERIAL_ACE
275,SHIFTRY,TORMENT
275,SHIFTRY,FACADE
275,SHIFTRY,SECRET_POWER
275,SHIFTRY,REST
275,SHIFTRY,ATTRACT
275,SHIFTRY,THIEF
275,SHIFTRY,CUT
275,SHIFTRY,STRENGTH
275,SHIFTRY,FLASH
275,SHIFTRY,ROCK_SMASH
290,NINCADA,TOXIC
290,NINCADA,HIDDEN_POWER
290,NINCADA,SUNNY_DAY
290,NINCADA,PROTECT
290,NINCADA,GIGA_DRAIN
290,NINCADA,FRUSTRATION
290,NINCADA,SOLAR_BEAM
290,NINCADA,RETURN
290,NINCADA,DIG
290,NINCADA,SHADOW_BALL
290,NINCADA,DOUBLE_TEAM
290,NINCADA,SANDSTORM
290,NINCADA,AERIAL_ACE
290,NINCADA,FACADE
290,NINCADA,SECRET_POWER
290,NINCADA,REST
290,NINCADA,CUT
290,NINCADA,FLASH
291,NINJASK,TOXIC
291,NINJASK,HIDDEN_POWER
291,NINJASK,SUNNY_DAY
291,NINJASK,HYPER_BEAM
291,NINJASK,PROTECT
291,NINJASK,GIGA_DRAIN
291,NINJASK,FRUSTRATION
291,NINJASK,SOLAR_BEAM
291,NINJASK,RETURN
291,NINJASK,DIG
291,NINJASK,SHADOW_BALL
291,NINJASK,DOUBLE_TEAM
291,NINJASK,SANDSTORM
291,NINJASK,AERIAL_ACE
291,NINJASK,FACADE
291,NINJASK,SECRET_POWER
291,NINJASK,REST
291,NINJASK,ATTRACT
291,NINJASK,THIEF
291,NINJASK,CUT
291,NINJASK,FLASH
292,SHEDINJA,TOXIC
292,SHEDINJA,HIDDEN_POWER
292,SHEDINJA,SUNNY_DAY
292,SHEDINJA,HYPER_BEAM
292,SHEDINJA,PROTECT
292,SHEDINJA,GIGA_DRAIN
292,SHEDINJA,FRUSTRATION
292,SHEDINJA,SOLAR_BEAM
292,SHEDINJA,RETURN
292,SHEDINJA,DIG
292,SHEDINJA,SHADOW_BALL
292,SHEDINJA,DOUBLE_TEAM
292,SHEDINJA,SANDSTORM
292,SHEDINJA,AERIAL_ACE
292,SHEDINJA,FACADE
292,SHEDINJA,SECRET_POWER
292,SHEDINJA,REST
292,SHEDINJA,THIEF
292,SHEDINJA,CUT
292,SHEDINJA,FLASH
276,TAILLOW,TOXIC
276,TAILLOW,HIDDEN_POWER
276,TAILLOW,SUNNY_DAY
276,TAILLOW,PROTECT
276,TAILLOW,RAIN_DANCE
276,TAILLOW,FRUSTRATION
276,TAILLOW,RETURN
276,TAILLOW,DOUBLE_TEAM
276,TAILLOW,AERIAL_ACE
276,TAILLOW,FACADE
276,TAILLOW,SECRET_POWER
276,TAILLOW,REST
276,TAILLOW,ATTRACT
276,TAILLOW,THIEF
276,TAILLOW,STEEL_WING
276,TAILLOW,FLY
277,SWELLOW,TOXIC
277,SWELLOW,HIDDEN_POWER
277,SWELLOW,SUNNY_DAY
277,SWELLOW,HYPER_BEAM
277,SWELLOW,PROTECT
277,SWELLOW,RAIN_DANCE
277,SWELLOW,FRUSTRATION
277,SWELLOW,RETURN
277,SWELLOW,DOUBLE_TEAM
277,SWELLOW,AERIAL_ACE
277,SWELLOW,FACADE
277,SWELLOW,SECRET_POWER
277,SWELLOW,REST
277,SWELLOW,ATTRACT
277,SWELLOW,THIEF
277,SWELLOW,STEEL_WING
277,SWELLOW,FLY
285,SHROOMISH,TOXIC
285,SHROOMISH,BULLET_SEED
285,SHROOMISH,HIDDEN_POWER
285,SHROOMISH,SUNNY_DAY
285,SHROOMISH,PROTECT
285,SHROOMISH,GIGA_DRAIN
285,SHROOMISH,SAFEGUARD
285,SHROOMISH,FRUSTRATION
285,SHROOMISH,SOLAR_BEAM
285,SHROOMISH,RETURN
285,SHROOMISH,DOUBLE_TEAM
285,SHROOMISH,SLUDGE_BOMB
285,SHROOMISH,FACADE
285,SHROOMISH,SECRET_POWER
285,SHROOMISH,REST
285,SHROOMISH,ATTRACT
285,SHROOMISH,SNATCH
285,SHROOMISH,FLASH
286,BRELOOM,FOCUS_PUNCH
286,BRELOOM,TOXIC
286,BRELOOM,BULK_UP
286,BRELOOM,BULLET_SEED
286,BRELOOM,HIDDEN_POWER
286,BRELOOM,SUNNY_DAY
286,BRELOOM,HYPER_BEAM
286,BRELOOM,PROTECT
286,BRELOOM,GIGA_DRAIN
286,BRELOOM,SAFEGUARD
286,BRELOOM,FRUSTRATION
286,BRELOOM,SOLAR_BEAM
286,BRELOOM,IRON_TAIL
286,BRELOOM,RETURN
286,BRELOOM,BRICK_BREAK
286,BRELOOM,DOUBLE_TEAM
286,BRELOOM,SLUDGE_BOMB
286,BRELOOM,FACADE
286,BRELOOM,SECRET_POWER
286,BRELOOM,REST
286,BRELOOM,ATTRACT
286,BRELOOM,SNATCH
286,BRELOOM,CUT
286,BRELOOM,STRENGTH
286,BRELOOM,FLASH
286,BRELOOM,ROCK_SMASH
327,SPINDA,FOCUS_PUNCH
327,SPINDA,WATER_PULSE
327,SPINDA,CALM_MIND
327,SPINDA,TOXIC
327,SPINDA,HIDDEN_POWER
327,SPINDA,SUNNY_DAY
327,SPINDA,PROTECT
327,SPINDA,RAIN_DANCE
327,SPINDA,SAFEGUARD
327,SPINDA,FRUSTRATION
327,SPINDA,RETURN
327,SPINDA,DIG
327,SPINDA,PSYCHIC
327,SPINDA,SHADOW_BALL
327,SPINDA,BRICK_BREAK
327,SPINDA,DOUBLE_TEAM
327,SPINDA,SHOCK_WAVE
327,SPINDA,ROCK_TOMB
327,SPINDA,FACADE
327,SPINDA,SECRET_POWER
327,SPINDA,REST
327,SPINDA,ATTRACT
327,SPINDA,THIEF
327,SPINDA,SKILL_SWAP
327,SPINDA,SNATCH
327,SPINDA,STRENGTH
327,SPINDA,FLASH
327,SPINDA,ROCK_SMASH
278,WINGULL,WATER_PULSE
278,WINGULL,TOXIC
278,WINGULL,HAIL
278,WINGULL,HIDDEN_POWER
278,WINGULL,ICE_BEAM
278,WINGULL,BLIZZARD
278,WINGULL,PROTECT
278,WINGULL,RAIN_DANCE
278,WINGULL,FRUSTRATION
278,WINGULL,RETURN
278,WINGULL,DOUBLE_TEAM
278,WINGULL,SHOCK_WAVE
278,WINGULL,AERIAL_ACE
278,WINGULL,FACADE
278,WINGULL,SECRET_POWER
278,WINGULL,REST
278,WINGULL,ATTRACT
278,WINGULL,THIEF
278,WINGULL,STEEL_WING
278,WINGULL,FLY
279,PELIPPER,WATER_PULSE
279,PELIPPER,TOXIC
279,PELIPPER,HAIL
279,PELIPPER,HIDDEN_POWER
279,PELIPPER,ICE_BEAM
279,PELIPPER,BLIZZARD
279,PELIPPER,HYPER_BEAM
279,PELIPPER,PROTECT
279,PELIPPER,RAIN_DANCE
279,PELIPPER,FRUSTRATION
279,PELIPPER,RETURN
279,PELIPPER,DOUBLE_TEAM
279,PELIPPER,SHOCK_WAVE
279,PELIPPER,AERIAL_ACE
279,PELIPPER,FACADE
279,PELIPPER,SECRET_POWER
279,PELIPPER,REST
279,PELIPPER,ATTRACT
279,PELIPPER,THIEF
279,PELIPPER,STEEL_WING
279,PELIPPER,FLY
279,PELIPPER,SURF
283,SURSKIT,WATER_PULSE
283,SURSKIT,TOXIC
283,SURSKIT,HIDDEN_POWER
283,SURSKIT,SUNNY_DAY
283,SURSKIT,ICE_BEAM
283,SURSKIT,BLIZZARD
283,SURSKIT,PROTECT
283,SURSKIT,RAIN_DANCE
283,SURSKIT,GIGA_DRAIN
283,SURSKIT,FRUSTRATION
283,SURSKIT,SOLAR_BEAM
283,SURSKIT,RETURN
283,SURSKIT,SHADOW_BALL
283,SURSKIT,DOUBLE_TEAM
283,SURSKIT,FACADE
283,SURSKIT,SECRET_POWER
283,SURSKIT,REST
283,SURSKIT,ATTRACT
283,SURSKIT,THIEF
283,SURSKIT,FLASH
284,MASQUERAIN,WATER_PULSE
284,MASQUERAIN,TOXIC
284,MASQUERAIN,HIDDEN_POWER
284,MASQUERAIN,SUNNY_DAY
284,MASQUERAIN,ICE_BEAM
284,MASQUERAIN,BLIZZARD
284,MASQUERAIN,HYPER_BEAM
284,MASQUERAIN,PROTECT
284,MASQUERAIN,RAIN_DANCE
284,MASQUERAIN,GIGA_DRAIN
284,MASQUERAIN,FRUSTRATION
284,MASQUERAIN,SOLAR_BEAM
284,MASQUERAIN,RETURN
284,MASQUERAIN,SHADOW_BALL
284,MASQUERAIN,DOUBLE_TEAM
284,MASQUERAIN,AERIAL_ACE
284,MASQUERAIN,FACADE
284,MASQUERAIN,SECRET_POWER
284,MASQUERAIN,REST
284,MASQUERAIN,ATTRACT
284,MASQUERAIN,THIEF
284,MASQUERAIN,FLASH
320,WAILMER,WATER_PULSE
320,WAILMER,ROAR
320,WAILMER,TOXIC
320,WAILMER,HAIL
320,WAILMER,HIDDEN_POWER
320,WAILMER,ICE_BEAM
320,WAILMER,BLIZZARD
320,WAILMER,PROTECT
320,WAILMER,RAIN_DANCE
320,WAILMER,FRUSTRATION
320,WAILMER,EARTHQUAKE
320,WAILMER,RETURN
320,WAILMER,DOUBLE_TEAM
320,WAILMER,ROCK_TOMB
320,WAILMER,FACADE
320,WAILMER,SECRET_POWER
320,WAILMER,REST
320,WAILMER,ATTRACT
320,WAILMER,SURF
320,WAILMER,STRENGTH
320,WAILMER,ROCK_SMASH
320,WAILMER,WATERFALL
320,WAILMER,DIVE
321,WAILORD,WATER_PULSE
321,WAILORD,ROAR
321,WAILORD,TOXIC
321,WAILORD,HAIL
321,WAILORD,HIDDEN_POWER
321,WAILORD,ICE_BEAM
321,WAILORD,BLIZZARD
321,WAILORD,HYPER_BEAM
321,WAILORD,PROTECT
321,WAILORD,RAIN_DANCE
321,WAILORD,FRUSTRATION
321,WAILORD,EARTHQUAKE
321,WAILORD,RETURN
321,WAILORD,DOUBLE_TEAM
321,WAILORD,ROCK_TOMB
321,WAILORD,FACADE
321,WAILORD,SECRET_POWER
321,WAILORD,REST
321,WAILORD,ATTRACT
321,WAILORD,SURF
321,WAILORD,STRENGTH
321,WAILORD,ROCK_SMASH
321,WAILORD,WATERFALL
321,WAILORD,DIVE
300,SKITTY,WATER_PULSE
300,SKITTY,CALM_MIND
300,SKITTY,TOXIC
300,SKITTY,HIDDEN_POWER
300,SKITTY,SUNNY_DAY
300,SKITTY,ICE_BEAM
300,SKITTY,BLIZZARD
300,SKITTY,PROTECT
300,SKITTY,RAIN_DANCE
300,SKITTY,SAFEGUARD
300,SKITTY,FRUSTRATION
300,SKITTY,SOLAR_BEAM
300,SKITTY,IRON_TAIL
300,SKITTY,THUNDERBOLT
300,SKITTY,THUNDER
300,SKITTY,RETURN
300,SKITTY,DIG
300,SKITTY,SHADOW_BALL
300,SKITTY,DOUBLE_TEAM
300,SKITTY,SHOCK_WAVE
300,SKITTY,FACADE
300,SKITTY,SECRET_POWER
300,SKITTY,REST
300,SKITTY,ATTRACT
300,SKITTY,FLASH
301,DELCATTY,WATER_PULSE
301,DELCATTY,CALM_MIND
301,DELCATTY,TOXIC
301,DELCATTY,HIDDEN_POWER
301,DELCATTY,SUNNY_DAY
301,DELCATTY,ICE_BEAM
301,DELCATTY,BLIZZARD
301,DELCATTY,HYPER_BEAM
301,DELCATTY,PROTECT
301,DELCATTY,RAIN_DANCE
301,DELCATTY,SAFEGUARD
301,DELCATTY,FRUSTRATION
301,DELCATTY,SOLAR_BEAM
301,DELCATTY,IRON_TAIL
301,DELCATTY,THUNDERBOLT
301,DELCATTY,THUNDER
301,DELCATTY,RETURN
301,DELCATTY,DIG
301,DELCATTY,SHADOW_BALL
301,DELCATTY,DOUBLE_TEAM
301,DELCATTY,SHOCK_WAVE
301,DELCATTY,FACADE
301,DELCATTY,SECRET_POWER
301,DELCATTY,REST
301,DELCATTY,ATTRACT
301,DELCATTY,STRENGTH
301,DELCATTY,FLASH
301,DELCATTY,ROCK_SMASH
352,KECLEON,FOCUS_PUNCH
352,KECLEON,WATER_PULSE
352,KECLEON,TOXIC
352,KECLEON,HIDDEN_POWER
352,KECLEON,SUNNY_DAY
352,KECLEON,ICE_BEAM
352,KECLEON,BLIZZARD
352,KECLEON,PROTECT
352,KECLEON,RAIN_DANCE
352,KECLEON,FRUSTRATION
352,KECLEON,SOLAR_BEAM
352,KECLEON,IRON_TAIL
352,KECLEON,THUNDERBOLT
352,KECLEON,THUNDER
352,KECLEON,RETURN
352,KECLEON,DIG
352,KECLEON,SHADOW_BALL
352,KECLEON,BRICK_BREAK
352,KECLEON,DOUBLE_TEAM
352,KECLEON,SHOCK_WAVE
352,KECLEON,FLAMETHROWER
352,KECLEON,FIRE_BLAST
352,KECLEON,ROCK_TOMB
352,KECLEON,AERIAL_ACE
352,KECLEON,FACADE
352,KECLEON,SECRET_POWER
352,KECLEON,REST
352,KECLEON,ATTRACT
352,KECLEON,THIEF
352,KECLEON,SKILL_SWAP
352,KECLEON,SNATCH
352,KECLEON,CUT
352,KECLEON,STRENGTH
352,KECLEON,FLASH
352,KECLEON,ROCK_SMASH
343,BALTOY,TOXIC
343,BALTOY,HIDDEN_POWER
343,BALTOY,SUNNY_DAY
343,BALTOY,ICE_BEAM
343,BALTOY,LIGHT_SCREEN
343,BALTOY,PROTECT
343,BALTOY,RAIN_DANCE
343,BALTOY,FRUSTRATION
343,BALTOY,SOLAR_BEAM
343,BALTOY,EARTHQUAKE
343,BALTOY,RETURN
343,BALTOY,DIG
343,BALTOY,PSYCHIC
343,BALTOY,SHADOW_BALL
343,BALTOY,DOUBLE_TEAM
343,BALTOY,REFLECT
343,BALTOY,SANDSTORM
343,BALTOY,ROCK_TOMB
343,BALTOY,FACADE
343,BALTOY,SECRET_POWER
343,BALTOY,REST
343,BALTOY,SKILL_SWAP
343,BALTOY,FLASH
344,CLAYDOL,TOXIC
344,CLAYDOL,HIDDEN_POWER
344,CLAYDOL,SUNNY_DAY
344,CLAYDOL,ICE_BEAM
344,CLAYDOL,HYPER_BEAM
344,CLAYDOL,LIGHT_SCREEN
344,CLAYDOL,PROTECT
344,CLAYDOL,RAIN_DANCE
344,CLAYDOL,FRUSTRATION
344,CLAYDOL,SOLAR_BEAM
344,CLAYDOL,EARTHQUAKE
344,CLAYDOL,RETURN
344,CLAYDOL,DIG
344,CLAYDOL,PSYCHIC
344,CLAYDOL,SHADOW_BALL
344,CLAYDOL,DOUBLE_TEAM
344,CLAYDOL,REFLECT
344,CLAYDOL,SANDSTORM
344,CLAYDOL,ROCK_TOMB
344,CLAYDOL,FACADE
344,CLAYDOL,SECRET_POWER
344,CLAYDOL,REST
344,CLAYDOL,SKILL_SWAP
344,CLAYDOL,STRENGTH
344,CLAYDOL,FLASH
344,CLAYDOL,ROCK_SMASH
299,NOSEPASS,TOXIC
299,NOSEPASS,HIDDEN_POWER
299,NOSEPASS,SUNNY_DAY
299,NOSEPASS,TAUNT
299,NOSEPASS,PROTECT
299,NOSEPASS,FRUSTRATION
299,NOSEPASS,THUNDERBOLT
299,NOSEPASS,THUNDER
299,NOSEPASS,EARTHQUAKE
299,NOSEPASS,RETURN
299,NOSEPASS,DOUBLE_TEAM
299,NOSEPASS,SHOCK_WAVE
299,NOSEPASS,SANDSTORM
299,NOSEPASS,ROCK_TOMB
299,NOSEPASS,TORMENT
299,NOSEPASS,FACADE
299,NOSEPASS,SECRET_POWER
299,NOSEPASS,REST
299,NOSEPASS,ATTRACT
299,NOSEPASS,STRENGTH
299,NOSEPASS,ROCK_SMASH
324,TORKOAL,TOXIC
324,TORKOAL,HIDDEN_POWER
324,TORKOAL,SUNNY_DAY
324,TORKOAL,PROTECT
324,TORKOAL,FRUSTRATION
324,TORKOAL,IRON_TAIL
324,TORKOAL,RETURN
324,TORKOAL,DOUBLE_TEAM
324,TORKOAL,FLAMETHROWER
324,TORKOAL,SLUDGE_BOMB
324,TORKOAL,FIRE_BLAST
324,TORKOAL,FACADE
324,TORKOAL,SECRET_POWER
324,TORKOAL,REST
324,TORKOAL,ATTRACT
324,TORKOAL,OVERHEAT
324,TORKOAL,STRENGTH
324,TORKOAL,ROCK_SMASH
302,SABLEYE,FOCUS_PUNCH
302,SABLEYE,WATER_PULSE
302,SABLEYE,CALM_MIND
302,SABLEYE,TOXIC
302,SABLEYE,HIDDEN_POWER
302,SABLEYE,SUNNY_DAY
302,SABLEYE,TAUNT
302,SABLEYE,PROTECT
302,SABLEYE,RAIN_DANCE
302,SABLEYE,FRUSTRATION
302,SABLEYE,RETURN
302,SABLEYE,DIG
302,SABLEYE,PSYCHIC
302,SABLEYE,SHADOW_BALL
302,SABLEYE,BRICK_BREAK
302,SABLEYE,DOUBLE_TEAM
302,SABLEYE,SHOCK_WAVE
302,SABLEYE,ROCK_TOMB
302,SABLEYE,AERIAL_ACE
302,SABLEYE,TORMENT
302,SABLEYE,FACADE
302,SABLEYE,SECRET_POWER
302,SABLEYE,REST
302,SABLEYE,ATTRACT
302,SABLEYE,THIEF
302,SABLEYE,SNATCH
302,SABLEYE,CUT
302,SABLEYE,FLASH
302,SABLEYE,ROCK_SMASH
339,BARBOACH,WATER_PULSE
339,BARBOACH,TOXIC
339,BARBOACH,HAIL
339,BARBOACH,HIDDEN_POWER
339,BARBOACH,ICE_BEAM
339,BARBOACH,BLIZZARD
339,BARBOACH,PROTECT
339,BARBOACH,RAIN_DANCE
339,BARBOACH,FRUSTRATION
339,BARBOACH,EARTHQUAKE
339,BARBOACH,RETURN
339,BARBOACH,DOUBLE_TEAM
339,BARBOACH,SANDSTORM
339,BARBOACH,ROCK_TOMB
339,BARBOACH,FACADE
339,BARBOACH,SECRET_POWER
339,BARBOACH,REST
339,BARBOACH,ATTRACT
339,BARBOACH,SURF
339,BARBOACH,WATERFALL
339,BARBOACH,DIVE
340,WHISCASH,WATER_PULSE
340,WHISCASH,TOXIC
340,WHISCASH,HAIL
340,WHISCASH,HIDDEN_POWER
340,WHISCASH,ICE_BEAM
340,WHISCASH,BLIZZARD
340,WHISCASH,HYPER_BEAM
340,WHISCASH,PROTECT
340,WHISCASH,RAIN_DANCE
340,WHISCASH,FRUSTRATION
340,WHISCASH,EARTHQUAKE
340,WHISCASH,RETURN
340,WHISCASH,DOUBLE_TEAM
340,WHISCASH,SANDSTORM
340,WHISCASH,ROCK_TOMB
340,WHISCASH,FACADE
340,WHISCASH,SECRET_POWER
340,WHISCASH,REST
340,WHISCASH,ATTRACT
340,WHISCASH,SURF
340,WHISCASH,STRENGTH
340,WHISCASH,ROCK_SMASH
340,WHISCASH,WATERFALL
340,WHISCASH,DIVE
370,LUVDISC,WATER_PULSE
370,LUVDISC,TOXIC
370,LUVDISC,HAIL
370,LUVDISC,HIDDEN_POWER
370,LUVDISC,ICE_BEAM
370,LUVDISC,BLIZZARD
370,LUVDISC,PROTECT
370,LUVDISC,RAIN_DANCE
370,LUVDISC,SAFEGUARD
370,LUVDISC,FRUSTRATION
370,LUVDISC,RETURN
370,LUVDISC,DOUBLE_TEAM
370,LUVDISC,FACADE
370,LUVDISC,SECRET_POWER
370,LUVDISC,REST
370,LUVDISC,ATTRACT
370,LUVDISC,SURF
370,LUVDISC,WATERFALL
370,LUVDISC,DIVE
341,CORPHISH,WATER_PULSE
341,CORPHISH,TOXIC
341,CORPHISH,HAIL
341,CORPHISH,HIDDEN_POWER
341,CORPHISH,TAUNT
341,CORPHISH,ICE_BEAM
341,CORPHISH,BLIZZARD
341,CORPHISH,PROTECT
341,CORPHISH,RAIN_DANCE
341,CORPHISH,FRUSTRATION
341,CORPHISH,RETURN
341,CORPHISH,DIG
341,CORPHISH,BRICK_BREAK
341,CORPHISH,DOUBLE_TEAM
341,CORPHISH,SLUDGE_BOMB
341,CORPHISH,ROCK_TOMB
341,CORPHISH,AERIAL_ACE
341,CORPHISH,FACADE
341,CORPHISH,SECRET_POWER
341,CORPHISH,REST
341,CORPHISH,ATTRACT
341,CORPHISH,CUT
341,CORPHISH,SURF
341,CORPHISH,STRENGTH
341,CORPHISH,ROCK_SMASH
341,CORPHISH,WATERFALL
342,CRAWDAUNT,WATER_PULSE
342,CRAWDAUNT,TOXIC
342,CRAWDAUNT,HAIL
342,CRAWDAUNT,HIDDEN_POWER
342,CRAWDAUNT,TAUNT
342,CRAWDAUNT,ICE_BEAM
342,CRAWDAUNT,BLIZZARD
342,CRAWDAUNT,HYPER_BEAM
342,CRAWDAUNT,PROTECT
342,CRAWDAUNT,RAIN_DANCE
342,CRAWDAUNT,FRUSTRATION
342,CRAWDAUNT,RETURN
342,CRAWDAUNT,DIG
342,CRAWDAUNT,BRICK_BREAK
342,CRAWDAUNT,DOUBLE_TEAM
342,CRAWDAUNT,SLUDGE_BOMB
342,CRAWDAUNT,ROCK_TOMB
342,CRAWDAUNT,AERIAL_ACE
342,CRAWDAUNT,FACADE
342,CRAWDAUNT,SECRET_POWER
342,CRAWDAUNT,REST
342,CRAWDAUNT,ATTRACT
342,CRAWDAUNT,CUT
342,CRAWDAUNT,SURF
342,CRAWDAUNT,STRENGTH
342,CRAWDAUNT,ROCK_SMASH
342,CRAWDAUNT,WATERFALL
342,CRAWDAUNT,DIVE
349,FEEBAS,WATER_PULSE
349,FEEBAS,TOXIC
349,FEEBAS,HAIL
349,FEEBAS,HIDDEN_POWER
349,FEEBAS,ICE_BEAM
349,FEEBAS,BLIZZARD
349,FEEBAS,PROTECT
349,FEEBAS,RAIN_DANCE
349,FEEBAS,FRUSTRATION
349,FEEBAS,RETURN
349,FEEBAS,DOUBLE_TEAM
349,FEEBAS,FACADE
349,FEEBAS,SECRET_POWER
349,FEEBAS,REST
349,FEEBAS,ATTRACT
349,FEEBAS,SURF
349,FEEBAS,WATERFALL
349,FEEBAS,DIVE
350,MILOTIC,WATER_PULSE
350,MILOTIC,TOXIC
350,MILOTIC,HAIL
350,MILOTIC,HIDDEN_POWER
350,MILOTIC,ICE_BEAM
350,MILOTIC,BLIZZARD
350,MILOTIC,HYPER_BEAM
350,MILOTIC,PROTECT
350,MILOTIC,RAIN_DANCE
350,MILOTIC,SAFEGUARD
350,MILOTIC,FRUSTRATION
350,MILOTIC,IRON_TAIL
350,MILOTIC,RETURN
350,MILOTIC,DOUBLE_TEAM
350,MILOTIC,FACADE
350,MILOTIC,SECRET_POWER
350,MILOTIC,REST
350,MILOTIC,ATTRACT
350,MILOTIC,SURF
350,MILOTIC,WATERFALL
350,MILOTIC,DIVE
318,CARVANHA,WATER_PULSE
318,CARVANHA,TOXIC
318,CARVANHA,HAIL
318,CARVANHA,HIDDEN_POWER
318,CARVANHA,TAUNT
318,CARVANHA,ICE_BEAM
318,CARVANHA,BLIZZARD
318,CARVANHA,PROTECT
318,CARVANHA,RAIN_DANCE
318,CARVANHA,FRUSTRATION
318,CARVANHA,RETURN
318,CARVANHA,DOUBLE_TEAM
318,CARVANHA,TORMENT
318,CARVANHA,FACADE
318,CARVANHA,SECRET_POWER
318,CARVANHA,REST
318,CARVANHA,ATTRACT
318,CARVANHA,THIEF
318,CARVANHA,SURF
318,CARVANHA,WATERFALL
318,CARVANHA,DIVE
319,SHARPEDO,WATER_PULSE
319,SHARPEDO,ROAR
319,SHARPEDO,TOXIC
319,SHARPEDO,HAIL
319,SHARPEDO,HIDDEN_POWER
319,SHARPEDO,TAUNT
319,SHARPEDO,ICE_BEAM
319,SHARPEDO,BLIZZARD
319,SHARPEDO,HYPER_BEAM
319,SHARPEDO,PROTECT
319,SHARPEDO,RAIN_DANCE
319,SHARPEDO,FRUSTRATION
319,SHARPEDO,EARTHQUAKE
319,SHARPEDO,RETURN
319,SHARPEDO,DOUBLE_TEAM
319,SHARPEDO,ROCK_TOMB
319,SHARPEDO,TORMENT
319,SHARPEDO,FACADE
319,SHARPEDO,SECRET_POWER
319,SHARPEDO,REST
319,SHARPEDO,ATTRACT
319,SHARPEDO,THIEF
319,SHARPEDO,SURF
319,SHARPEDO,STRENGTH
319,SHARPEDO,ROCK_SMASH
319,SHARPEDO,WATERFALL
319,SHARPEDO,DIVE
328,TRAPINCH,TOXIC
328,TRAPINCH,HIDDEN_POWER
328,TRAPINCH,SUNNY_DAY
328,TRAPINCH,HYPER_BEAM
328,TRAPINCH,PROTECT
328,TRAPINCH,GIGA_DRAIN
328,TRAPINCH,FRUSTRATION
328,TRAPINCH,SOLAR_BEAM
328,TRAPINCH,EARTHQUAKE
328,TRAPINCH,RETURN
328,TRAPINCH,DIG
328,TRAPINCH,DOUBLE_TEAM
328,TRAPINCH,SANDSTORM
328,TRAPINCH,ROCK_TOMB
328,TRAPINCH,FACADE
328,TRAPINCH,SECRET_POWER
328,TRAPINCH,REST
328,TRAPINCH,ATTRACT
328,TRAPINCH,STRENGTH
328,TRAPINCH,ROCK_SMASH
329,VIBRAVA,TOXIC
329,VIBRAVA,HIDDEN_POWER
329,VIBRAVA,SUNNY_DAY
329,VIBRAVA,HYPER_BEAM
329,VIBRAVA,PROTECT
329,VIBRAVA,GIGA_DRAIN
329,VIBRAVA,FRUSTRATION
329,VIBRAVA,SOLAR_BEAM
329,VIBRAVA,EARTHQUAKE
329,VIBRAVA,RETURN
329,VIBRAVA,DIG
329,VIBRAVA,DOUBLE_TEAM
329,VIBRAVA,SANDSTORM
329,VIBRAVA,ROCK_TOMB
329,VIBRAVA,FACADE
329,VIBRAVA,SECRET_POWER
329,VIBRAVA,REST
329,VIBRAVA,ATTRACT
329,VIBRAVA,STEEL_WING
329,VIBRAVA,FLY
329,VIBRAVA,STRENGTH
329,VIBRAVA,ROCK_SMASH
330,FLYGON,DRAGON_CLAW
330,FLYGON,TOXIC
330,FLYGON,HIDDEN_POWER
330,FLYGON,SUNNY_DAY
330,FLYGON,HYPER_BEAM
330,FLYGON,PROTECT
330,FLYGON,GIGA_DRAIN
330,FLYGON,FRUSTRATION
330,FLYGON,SOLAR_BEAM
330,FLYGON,IRON_TAIL
330,FLYGON,EARTHQUAKE
330,FLYGON,RETURN
330,FLYGON,DIG
330,FLYGON,DOUBLE_TEAM
330,FLYGON,FLAMETHROWER
330,FLYGON,SANDSTORM
330,FLYGON,FIRE_BLAST
330,FLYGON,ROCK_TOMB
330,FLYGON,FACADE
330,FLYGON,SECRET_POWER
330,FLYGON,REST
330,FLYGON,ATTRACT
330,FLYGON,STEEL_WING
330,FLYGON,FLY
330,FLYGON,STRENGTH
330,FLYGON,ROCK_SMASH
296,MAKUHITA,FOCUS_PUNCH
296,MAKUHITA,TOXIC
296,MAKUHITA,BULK_UP
296,MAKUHITA,HIDDEN_POWER
296,MAKUHITA,SUNNY_DAY
296,MAKUHITA,PROTECT
296,MAKUHITA,RAIN_DANCE
296,MAKUHITA,FRUSTRATION
296,MAKUHITA,EARTHQUAKE
296,MAKUHITA,RETURN
296,MAKUHITA,DIG
296,MAKUHITA,BRICK_BREAK
296,MAKUHITA,DOUBLE_TEAM
296,MAKUHITA,ROCK_TOMB
296,MAKUHITA,FACADE
296,MAKUHITA,SECRET_POWER
296,MAKUHITA,REST
296,MAKUHITA,ATTRACT
296,MAKUHITA,SURF
296,MAKUHITA,STRENGTH
296,MAKUHITA,ROCK_SMASH
297,HARIYAMA,FOCUS_PUNCH
297,HARIYAMA,TOXIC
297,HARIYAMA,BULK_UP
297,HARIYAMA,HIDDEN_POWER
297,HARIYAMA,SUNNY_DAY
297,HARIYAMA,HYPER_BEAM
297,HARIYAMA,PROTECT
297,HARIYAMA,RAIN_DANCE
297,HARIYAMA,FRUSTRATION
297,HARIYAMA,EARTHQUAKE
297,HARIYAMA,RETURN
297,HARIYAMA,DIG
297,HARIYAMA,BRICK_BREAK
297,HARIYAMA,DOUBLE_TEAM
297,HARIYAMA,ROCK_TOMB
297,HARIYAMA,FACADE
297,HARIYAMA,SECRET_POWER
297,HARIYAMA,REST
297,HARIYAMA,ATTRACT
297,HARIYAMA,SURF
297,HARIYAMA,STRENGTH
297,HARIYAMA,ROCK_SMASH
309,ELECTRIKE,ROAR
309,ELECTRIKE,TOXIC
309,ELECTRIKE,HIDDEN_POWER
309,ELECTRIKE,PROTECT
309,ELECTRIKE,RAIN_DANCE
309,ELECTRIKE,FRUSTRATION
309,ELECTRIKE,IRON_TAIL
309,ELECTRIKE,THUNDERBOLT
309,ELECTRIKE,THUNDER
309,ELECTRIKE,RETURN
309,ELECTRIKE,DOUBLE_TEAM
309,ELECTRIKE,SHOCK_WAVE
309,ELECTRIKE,FACADE
309,ELECTRIKE,SECRET_POWER
309,ELECTRIKE,REST
309,ELECTRIKE,ATTRACT
309,ELECTRIKE,THIEF
309,ELECTRIKE,STRENGTH
309,ELECTRIKE,FLASH
310,MANECTRIC,ROAR
310,MANECTRIC,TOXIC
310,MANECTRIC,HIDDEN_POWER
310,MANECTRIC,HYPER_BEAM
310,MANECTRIC,PROTECT
310,MANECTRIC,RAIN_DANCE
310,MANECTRIC,FRUSTRATION
310,MANECTRIC,IRON_TAIL
310,MANECTRIC,THUNDERBOLT
310,MANECTRIC,THUNDER
310,MANECTRIC,RETURN
310,MANECTRIC,DOUBLE_TEAM
310,MANECTRIC,SHOCK_WAVE
310,MANECTRIC,FACADE
310,MANECTRIC,SECRET_POWER
310,MANECTRIC,REST
310,MANECTRIC,ATTRACT
310,MANECTRIC,THIEF
310,MANECTRIC,STRENGTH
310,MANECTRIC,FLASH
322,NUMEL,TOXIC
322,NUMEL,HIDDEN_POWER
322,NUMEL,SUNNY_DAY
322,NUMEL,PROTECT
322,NUMEL,FRUSTRATION
322,NUMEL,EARTHQUAKE
322,NUMEL,RETURN
322,NUMEL,DIG
322,NUMEL,DOUBLE_TEAM
322,NUMEL,FLAMETHROWER
322,NUMEL,SANDSTORM
322,NUMEL,FIRE_BLAST
322,NUMEL,ROCK_TOMB
322,NUMEL,FACADE
322,NUMEL,SECRET_POWER
322,NUMEL,REST
322,NUMEL,ATTRACT
322,NUMEL,OVERHEAT
322,NUMEL,STRENGTH
322,NUMEL,ROCK_SMASH
323,CAMERUPT,ROAR
323,CAMERUPT,TOXIC
323,CAMERUPT,HIDDEN_POWER
323,CAMERUPT,SUNNY_DAY
323,CAMERUPT,HYPER_BEAM
323,CAMERUPT,PROTECT
323,CAMERUPT,FRUSTRATION
323,CAMERUPT,EARTHQUAKE
323,CAMERUPT,RETURN
323,CAMERUPT,DIG
323,CAMERUPT,DOUBLE_TEAM
323,CAMERUPT,FLAMETHROWER
323,CAMERUPT,SANDSTORM
323,CAMERUPT,FIRE_BLAST
323,CAMERUPT,ROCK_TOMB
323,CAMERUPT,FACADE
323,CAMERUPT,SECRET_POWER
323,CAMERUPT,REST
323,CAMERUPT,ATTRACT
323,CAMERUPT,OVERHEAT
323,CAMERUPT,STRENGTH
323,CAMERUPT,ROCK_SMASH
363,SPHEAL,WATER_PULSE
363,SPHEAL,TOXIC
363,SPHEAL,HAIL
363,SPHEAL,HIDDEN_POWER
363,SPHEAL,ICE_BEAM
363,SPHEAL,BLIZZARD
363,SPHEAL,PROTECT
363,SPHEAL,RAIN_DANCE
363,SPHEAL,FRUSTRATION
363,SPHEAL,IRON_TAIL
363,SPHEAL,EARTHQUAKE
363,SPHEAL,RETURN
363,SPHEAL,DOUBLE_TEAM
363,SPHEAL,ROCK_TOMB
363,SPHEAL,FACADE
363,SPHEAL,SECRET_POWER
363,SPHEAL,REST
363,SPHEAL,ATTRACT
363,SPHEAL,SURF
363,SPHEAL,STRENGTH
363,SPHEAL,ROCK_SMASH
363,SPHEAL,WATERFALL
363,SPHEAL,DIVE
364,SEALEO,WATER_PULSE
364,SEALEO,ROAR
364,SEALEO,TOXIC
364,SEALEO,HAIL
364,SEALEO,HIDDEN_POWER
364,SEALEO,ICE_BEAM
364,SEALEO,BLIZZARD
364,SEALEO,PROTECT
364,SEALEO,RAIN_DANCE
364,SEALEO,FRUSTRATION
364,SEALEO,IRON_TAIL
364,SEALEO,EARTHQUAKE
364,SEALEO,RETURN
364,SEALEO,DOUBLE_TEAM
364,SEALEO,ROCK_TOMB
364,SEALEO,FACADE
364,SEALEO,SECRET_POWER
364,SEALEO,REST
364,SEALEO,ATTRACT
364,SEALEO,SURF
364,SEALEO,STRENGTH
364,SEALEO,ROCK_SMASH
364,SEALEO,WATERFALL
364,SEALEO,DIVE
365,WALREIN,WATER_PULSE
365,WALREIN,ROAR
365,WALREIN,TOXIC
365,WALREIN,HAIL
365,WALREIN,HIDDEN_POWER
365,WALREIN,ICE_BEAM
365,WALREIN,BLIZZARD
365,WALREIN,HYPER_BEAM
365,WALREIN,PROTECT
365,WALREIN,RAIN_DANCE
365,WALREIN,FRUSTRATION
365,WALREIN,IRON_TAIL
365,WALREIN,EARTHQUAKE
365,WALREIN,RETURN
365,WALREIN,DOUBLE_TEAM
365,WALREIN,ROCK_TOMB
365,WALREIN,FACADE
365,WALREIN,SECRET_POWER
365,WALREIN,REST
365,WALREIN,ATTRACT
365,WALREIN,SURF
365,WALREIN,STRENGTH
365,WALREIN,ROCK_SMASH
365,WALREIN,WATERFALL
365,WALREIN,DIVE
331,CACNEA,FOCUS_PUNCH
331,CACNEA,TOXIC
331,CACNEA,BULLET_SEED
331,CACNEA,HIDDEN_POWER
331,CACNEA,SUNNY_DAY
331,CACNEA,PROTECT
331,CACNEA,GIGA_DRAIN
331,CACNEA,FRUSTRATION
331,CACNEA,SOLAR_BEAM
331,CACNEA,RETURN
331,CACNEA,DOUBLE_TEAM
331,CACNEA,SANDSTORM
331,CACNEA,FACADE
331,CACNEA,SECRET_POWER
331,CACNEA,REST
331,CACNEA,ATTRACT
331,CACNEA,CUT
331,CACNEA,FLASH
332,CACTURNE,FOCUS_PUNCH
332,CACTURNE,TOXIC
332,CACTURNE,BULLET_SEED
332,CACTURNE,HIDDEN_POWER
332,CACTURNE,SUNNY_DAY
332,CACTURNE,HYPER_BEAM
332,CACTURNE,PROTECT
332,CACTURNE,GIGA_DRAIN
332,CACTURNE,FRUSTRATION
332,CACTURNE,SOLAR_BEAM
332,CACTURNE,RETURN
332,CACTURNE,DOUBLE_TEAM
332,CACTURNE,SANDSTORM
332,CACTURNE,FACADE
332,CACTURNE,SECRET_POWER
332,CACTURNE,REST
332,CACTURNE,ATTRACT
332,CACTURNE,CUT
332,CACTURNE,STRENGTH
332,CACTURNE,FLASH
361,SNORUNT,WATER_PULSE
361,SNORUNT,TOXIC
361,SNORUNT,HAIL
361,SNORUNT,HIDDEN_POWER
361,SNORUNT,ICE_BEAM
361,SNORUNT,BLIZZARD
361,SNORUNT,LIGHT_SCREEN
361,SNORUNT,PROTECT
361,SNORUNT,RAIN_DANCE
361,SNORUNT,SAFEGUARD
361,SNORUNT,FRUSTRATION
361,SNORUNT,RETURN
361,SNORUNT,SHADOW_BALL
361,SNORUNT,DOUBLE_TEAM
361,SNORUNT,FACADE
361,SNORUNT,SECRET_POWER
361,SNORUNT,REST
361,SNORUNT,ATTRACT
361,SNORUNT,FLASH
362,GLALIE,WATER_PULSE
362,GLALIE,TOXIC
362,GLALIE,HAIL
362,GLALIE,HIDDEN_POWER
362,GLALIE,TAUNT
362,GLALIE,ICE_BEAM
362,GLALIE,BLIZZARD
362,GLALIE,HYPER_BEAM
362,GLALIE,LIGHT_SCREEN
362,GLALIE,PROTECT
362,GLALIE,RAIN_DANCE
362,GLALIE,SAFEGUARD
362,GLALIE,FRUSTRATION
362,GLALIE,EARTHQUAKE
362,GLALIE,RETURN
362,GLALIE,SHADOW_BALL
362,GLALIE,DOUBLE_TEAM
362,GLALIE,TORMENT
362,GLALIE,FACADE
362,GLALIE,SECRET_POWER
362,GLALIE,REST
362,GLALIE,ATTRACT
362,GLALIE,FLASH
337,LUNATONE,CALM_MIND
337,LUNATONE,TOXIC
337,LUNATONE,HIDDEN_POWER
337,LUNATONE,ICE_BEAM
337,LUNATONE,HYPER_BEAM
337,LUNATONE,LIGHT_SCREEN
337,LUNATONE,PROTECT
337,LUNATONE,RAIN_DANCE
337,LUNATONE,SAFEGUARD
337,LUNATONE,FRUSTRATION
337,LUNATONE,EARTHQUAKE
337,LUNATONE,RETURN
337,LUNATONE,PSYCHIC
337,LUNATONE,SHADOW_BALL
337,LUNATONE,DOUBLE_TEAM
337,LUNATONE,REFLECT
337,LUNATONE,SANDSTORM
337,LUNATONE,ROCK_TOMB
337,LUNATONE,FACADE
337,LUNATONE,SECRET_POWER
337,LUNATONE,REST
337,LUNATONE,SKILL_SWAP
337,LUNATONE,FLASH
338,SOLROCK,CALM_MIND
338,SOLROCK,TOXIC
338,SOLROCK,HIDDEN_POWER
338,SOLROCK,SUNNY_DAY
338,SOLROCK,HYPER_BEAM
338,SOLROCK,LIGHT_SCREEN
338,SOLROCK,PROTECT
338,SOLROCK,SAFEGUARD
338,SOLROCK,FRUSTRATION
338,SOLROCK,SOLAR_BEAM
338,SOLROCK,EARTHQUAKE
338,SOLROCK,RETURN
338,SOLROCK,PSYCHIC
338,SOLROCK,SHADOW_BALL
338,SOLROCK,DOUBLE_TEAM
338,SOLROCK,REFLECT
338,SOLROCK,FLAMETHROWER
338,SOLROCK,SANDSTORM
338,SOLROCK,FIRE_BLAST
338,SOLROCK,ROCK_TOMB
338,SOLROCK,FACADE
338,SOLROCK,SECRET_POWER
338,SOLROCK,REST
338,SOLROCK,SKILL_SWAP
338,SOLROCK,OVERHEAT
338,SOLROCK,FLASH
298,AZURILL,WATER_PULSE
298,AZURILL,TOXIC
298,AZURILL,HAIL
298,AZURILL,HIDDEN_POWER
298,AZURILL,ICE_BEAM
298,AZURILL,BLIZZARD
298,AZURILL,PROTECT
298,AZURILL,RAIN_DANCE
298,AZURILL,FRUSTRATION
298,AZURILL,IRON_TAIL
298,AZURILL,RETURN
298,AZURILL,DOUBLE_TEAM
298,AZURILL,FACADE
298,AZURILL,SECRET_POWER
298,AZURILL,REST
298,AZURILL,ATTRACT
298,AZURILL,SURF
298,AZURILL,WATERFALL
325,SPOINK,CALM_MIND
325,SPOINK,TOXIC
325,SPOINK,HIDDEN_POWER
325,SPOINK,SUNNY_DAY
325,SPOINK,TAUNT
325,SPOINK,LIGHT_SCREEN
325,SPOINK,PROTECT
325,SPOINK,RAIN_DANCE
325,SPOINK,FRUSTRATION
325,SPOINK,IRON_TAIL
325,SPOINK,RETURN
325,SPOINK,PSYCHIC
325,SPOINK,SHADOW_BALL
325,SPOINK,DOUBLE_TEAM
325,SPOINK,REFLECT
325,SPOINK,SHOCK_WAVE
325,SPOINK,TORMENT
325,SPOINK,FACADE
325,SPOINK,SECRET_POWER
325,SPOINK,REST
325,SPOINK,ATTRACT
325,SPOINK,THIEF
325,SPOINK,SKILL_SWAP
325,SPOINK,SNATCH
325,SPOINK,FLASH
326,GRUMPIG,FOCUS_PUNCH
326,GRUMPIG,CALM_MIND
326,GRUMPIG,TOXIC
326,GRUMPIG,HIDDEN_POWER
326,GRUMPIG,SUNNY_DAY
326,GRUMPIG,TAUNT
326,GRUMPIG,HYPER_BEAM
326,GRUMPIG,LIGHT_SCREEN
326,GRUMPIG,PROTECT
326,GRUMPIG,RAIN_DANCE
326,GRUMPIG,FRUSTRATION
326,GRUMPIG,IRON_TAIL
326,GRUMPIG,RETURN
326,GRUMPIG,PSYCHIC
326,GRUMPIG,SHADOW_BALL
326,GRUMPIG,DOUBLE_TEAM
326,GRUMPIG,REFLECT
326,GRUMPIG,SHOCK_WAVE
326,GRUMPIG,TORMENT
326,GRUMPIG,FACADE
326,GRUMPIG,SECRET_POWER
326,GRUMPIG,REST
326,GRUMPIG,ATTRACT
326,GRUMPIG,THIEF
326,GRUMPIG,SKILL_SWAP
326,GRUMPIG,SNATCH
326,GRUMPIG,FLASH
311,PLUSLE,TOXIC
311,PLUSLE,HIDDEN_POWER
311,PLUSLE,LIGHT_SCREEN
311,PLUSLE,PROTECT
311,PLUSLE,RAIN_DANCE
311,PLUSLE,FRUSTRATION
311,PLUSLE,IRON_TAIL
311,PLUSLE,THUNDERBOLT
311,PLUSLE,THUNDER
311,PLUSLE,RETURN
311,PLUSLE,DOUBLE_TEAM
311,PLUSLE,SHOCK_WAVE
311,PLUSLE,FACADE
311,PLUSLE,SECRET_POWER
311,PLUSLE,REST
311,PLUSLE,ATTRACT
311,PLUSLE,FLASH
312,MINUN,TOXIC
312,MINUN,HIDDEN_POWER
312,MINUN,LIGHT_SCREEN
312,MINUN,PROTECT
312,MINUN,RAIN_DANCE
312,MINUN,FRUSTRATION
312,MINUN,IRON_TAIL
312,MINUN,THUNDERBOLT
312,MINUN,THUNDER
312,MINUN,RETURN
312,MINUN,DOUBLE_TEAM
312,MINUN,SHOCK_WAVE
312,MINUN,FACADE
312,MINUN,SECRET_POWER
312,MINUN,REST
312,MINUN,ATTRACT
312,MINUN,FLASH
303,MAWILE,FOCUS_PUNCH
303,MAWILE,TOXIC
303,MAWILE,HIDDEN_POWER
303,MAWILE,SUNNY_DAY
303,MAWILE,TAUNT
303,MAWILE,ICE_BEAM
303,MAWILE,HYPER_BEAM
303,MAWILE,PROTECT
303,MAWILE,RAIN_DANCE
303,MAWILE,FRUSTRATION
303,MAWILE,SOLAR_BEAM
303,MAWILE,RETURN
303,MAWILE,BRICK_BREAK
303,MAWILE,DOUBLE_TEAM
303,MAWILE,FLAMETHROWER
303,MAWILE,SLUDGE_BOMB
303,MAWILE,SANDSTORM
303,MAWILE,FIRE_BLAST
303,MAWILE,ROCK_TOMB
303,MAWILE,TORMENT
303,MAWILE,FACADE
303,MAWILE,SECRET_POWER
303,MAWILE,REST
303,MAWILE,ATTRACT
303,MAWILE,STRENGTH
303,MAWILE,ROCK_SMASH
307,MEDITITE,FOCUS_PUNCH
307,MEDITITE,CALM_MIND
307,MEDITITE,TOXIC
307,MEDITITE,BULK_UP
307,MEDITITE,HIDDEN_POWER
307,MEDITITE,SUNNY_DAY
307,MEDITITE,LIGHT_SCREEN
307,MEDITITE,PROTECT
307,MEDITITE,RAIN_DANCE
307,MEDITITE,FRUSTRATION
307,MEDITITE,RETURN
307,MEDITITE,PSYCHIC
307,MEDITITE,SHADOW_BALL
307,MEDITITE,BRICK_BREAK
307,MEDITITE,DOUBLE_TEAM
307,MEDITITE,REFLECT
307,MEDITITE,ROCK_TOMB
307,MEDITITE,FACADE
307,MEDITITE,SECRET_POWER
307,MEDITITE,REST
307,MEDITITE,ATTRACT
307,MEDITITE,STRENGTH
307,MEDITITE,FLASH
307,MEDITITE,ROCK_SMASH
308,MEDICHAM,FOCUS_PUNCH
308,MEDICHAM,CALM_MIND
308,MEDICHAM,TOXIC
308,MEDICHAM,BULK_UP
308,MEDICHAM,HIDDEN_POWER
308,MEDICHAM,SUNNY_DAY
308,MEDICHAM,HYPER_BEAM
308,MEDICHAM,LIGHT_SCREEN
308,MEDICHAM,PROTECT
308,MEDICHAM,RAIN_DANCE
308,MEDICHAM,FRUSTRATION
308,MEDICHAM,RETURN
308,MEDICHAM,PSYCHIC
308,MEDICHAM,SHADOW_BALL
308,MEDICHAM,BRICK_BREAK
308,MEDICHAM,DOUBLE_TEAM
308,MEDICHAM,REFLECT
308,MEDICHAM,ROCK_TOMB
308,MEDICHAM,FACADE
308,MEDICHAM,SECRET_POWER
308,MEDICHAM,REST
308,MEDICHAM,ATTRACT
308,MEDICHAM,STRENGTH
308,MEDICHAM,FLASH
308,MEDICHAM,ROCK_SMASH
333,SWABLU,TOXIC
333,SWABLU,HIDDEN_POWER
333,SWABLU,SUNNY_DAY
333,SWABLU,ICE_BEAM
333,SWABLU,PROTECT
333,SWABLU,RAIN_DANCE
333,SWABLU,SAFEGUARD
333,SWABLU,FRUSTRATION
333,SWABLU,SOLAR_BEAM
333,SWABLU,RETURN
333,SWABLU,DOUBLE_TEAM
333,SWABLU,AERIAL_ACE
333,SWABLU,FACADE
333,SWABLU,SECRET_POWER
333,SWABLU,REST
333,SWABLU,ATTRACT
333,SWABLU,THIEF
333,SWABLU,STEEL_WING
333,SWABLU,FLY
334,ALTARIA,DRAGON_CLAW
334,ALTARIA,ROAR
334,ALTARIA,TOXIC
334,ALTARIA,HIDDEN_POWER
334,ALTARIA,SUNNY_DAY
334,ALTARIA,ICE_BEAM
334,ALTARIA,HYPER_BEAM
334,ALTARIA,PROTECT
334,ALTARIA,RAIN_DANCE
334,ALTARIA,SAFEGUARD
334,ALTARIA,FRUSTRATION
334,ALTARIA,SOLAR_BEAM
334,ALTARIA,IRON_TAIL
334,ALTARIA,EARTHQUAKE
334,ALTARIA,RETURN
334,ALTARIA,DOUBLE_TEAM
334,ALTARIA,FLAMETHROWER
334,ALTARIA,FIRE_BLAST
334,ALTARIA,AERIAL_ACE
334,ALTARIA,FACADE
334,ALTARIA,SECRET_POWER
334,ALTARIA,REST
334,ALTARIA,ATTRACT
334,ALTARIA,THIEF
334,ALTARIA,STEEL_WING
334,ALTARIA,FLY
334,ALTARIA,ROCK_SMASH
355,DUSKULL,CALM_MIND
355,DUSKULL,TOXIC
355,DUSKULL,HIDDEN_POWER
355,DUSKULL,SUNNY_DAY
355,DUSKULL,TAUNT
355,DUSKULL,ICE_BEAM
355,DUSKULL,BLIZZARD
355,DUSKULL,PROTECT
355,DUSKULL,RAIN_DANCE
355,DUSKULL,FRUSTRATION
355,DUSKULL,RETURN
355,DUSKULL,PSYCHIC
355,DUSKULL,SHADOW_BALL
355,DUSKULL,DOUBLE_TEAM
355,DUSKULL,TORMENT
355,DUSKULL,FACADE
355,DUSKULL,SECRET_POWER
355,DUSKULL,REST
355,DUSKULL,ATTRACT
355,DUSKULL,THIEF
355,DUSKULL,SKILL_SWAP
355,DUSKULL,SNATCH
355,DUSKULL,FLASH
356,DUSCLOPS,FOCUS_PUNCH
356,DUSCLOPS,CALM_MIND
356,DUSCLOPS,TOXIC
356,DUSCLOPS,HIDDEN_POWER
356,DUSCLOPS,SUNNY_DAY
356,DUSCLOPS,TAUNT
356,DUSCLOPS,ICE_BEAM
356,DUSCLOPS,BLIZZARD
356,DUSCLOPS,HYPER_BEAM
356,DUSCLOPS,PROTECT
356,DUSCLOPS,RAIN_DANCE
356,DUSCLOPS,FRUSTRATION
356,DUSCLOPS,EARTHQUAKE
356,DUSCLOPS,RETURN
356,DUSCLOPS,PSYCHIC
356,DUSCLOPS,SHADOW_BALL
356,DUSCLOPS,DOUBLE_TEAM
356,DUSCLOPS,ROCK_TOMB
356,DUSCLOPS,TORMENT
356,DUSCLOPS,FACADE
356,DUSCLOPS,SECRET_POWER
356,DUSCLOPS,REST
356,DUSCLOPS,ATTRACT
356,DUSCLOPS,THIEF
356,DUSCLOPS,SKILL_SWAP
356,DUSCLOPS,SNATCH
356,DUSCLOPS,STRENGTH
356,DUSCLOPS,FLASH
356,DUSCLOPS,ROCK_SMASH
315,ROSELIA,TOXIC
315,ROSELIA,BULLET_SEED
315,ROSELIA,HIDDEN_POWER
315,ROSELIA,SUNNY_DAY
315,ROSELIA,PROTECT
315,ROSELIA,GIGA_DRAIN
315,ROSELIA,FRUSTRATION
315,ROSELIA,SOLAR_BEAM
315,ROSELIA,RETURN
315,ROSELIA,SHADOW_BALL
315,ROSELIA,DOUBLE_TEAM
315,ROSELIA,SLUDGE_BOMB
315,ROSELIA,FACADE
315,ROSELIA,SECRET_POWER
315,ROSELIA,REST
315,ROSELIA,ATTRACT
315,ROSELIA,CUT
315,ROSELIA,FLASH
287,SLAKOTH,FOCUS_PUNCH
287,SLAKOTH,WATER_PULSE
287,SLAKOTH,TOXIC
287,SLAKOTH,BULK_UP
287,SLAKOTH,HIDDEN_POWER
287,SLAKOTH,SUNNY_DAY
287,SLAKOTH,ICE_BEAM
287,SLAKOTH,BLIZZARD
287,SLAKOTH,PROTECT
287,SLAKOTH,RAIN_DANCE
287,SLAKOTH,FRUSTRATION
287,SLAKOTH,SOLAR_BEAM
287,SLAKOTH,THUNDERBOLT
287,SLAKOTH,THUNDER
287,SLAKOTH,RETURN
287,SLAKOTH,SHADOW_BALL
287,SLAKOTH,BRICK_BREAK
287,SLAKOTH,DOUBLE_TEAM
287,SLAKOTH,SHOCK_WAVE
287,SLAKOTH,FLAMETHROWER
287,SLAKOTH,FIRE_BLAST
287,SLAKOTH,AERIAL_ACE
287,SLAKOTH,FACADE
287,SLAKOTH,SECRET_POWER
287,SLAKOTH,REST
287,SLAKOTH,ATTRACT
287,SLAKOTH,CUT
287,SLAKOTH,STRENGTH
287,SLAKOTH,ROCK_SMASH
288,VIGOROTH,FOCUS_PUNCH
288,VIGOROTH,WATER_PULSE
288,VIGOROTH,ROAR
288,VIGOROTH,TOXIC
288,VIGOROTH,BULK_UP
288,VIGOROTH,HIDDEN_POWER
288,VIGOROTH,SUNNY_DAY
288,VIGOROTH,TAUNT
288,VIGOROTH,ICE_BEAM
288,VIGOROTH,BLIZZARD
288,VIGOROTH,PROTECT
288,VIGOROTH,RAIN_DANCE
288,VIGOROTH,FRUSTRATION
288,VIGOROTH,SOLAR_BEAM
288,VIGOROTH,THUNDERBOLT
288,VIGOROTH,THUNDER
288,VIGOROTH,EARTHQUAKE
288,VIGOROTH,RETURN
288,VIGOROTH,SHADOW_BALL
288,VIGOROTH,BRICK_BREAK
288,VIGOROTH,DOUBLE_TEAM
288,VIGOROTH,SHOCK_WAVE
288,VIGOROTH,FLAMETHROWER
288,VIGOROTH,FIRE_BLAST
288,VIGOROTH,AERIAL_ACE
288,VIGOROTH,FACADE
288,VIGOROTH,SECRET_POWER
288,VIGOROTH,REST
288,VIGOROTH,ATTRACT
288,VIGOROTH,CUT
288,VIGOROTH,STRENGTH
288,VIGOROTH,ROCK_SMASH
289,SLAKING,FOCUS_PUNCH
289,SLAKING,WATER_PULSE
289,SLAKING,ROAR
289,SLAKING,TOXIC
289,SLAKING,BULK_UP
289,SLAKING,HIDDEN_POWER
289,SLAKING,SUNNY_DAY
289,SLAKING,TAUNT
289,SLAKING,ICE_BEAM
289,SLAKING,BLIZZARD
289,SLAKING,HYPER_BEAM
289,SLAKING,PROTECT
289,SLAKING,RAIN_DANCE
289,SLAKING,FRUSTRATION
289,SLAKING,SOLAR_BEAM
289,SLAKING,THUNDERBOLT
289,SLAKING,THUNDER
289,SLAKING,EARTHQUAKE
289,SLAKING,RETURN
289,SLAKING,SHADOW_BALL
289,SLAKING,BRICK_BREAK
289,SLAKING,DOUBLE_TEAM
289,SLAKING,SHOCK_WAVE
289,SLAKING,FLAMETHROWER
289,SLAKING,FIRE_BLAST
289,SLAKING,AERIAL_ACE
289,SLAKING,FACADE
289,SLAKING,SECRET_POWER
289,SLAKING,REST
289,SLAKING,ATTRACT
289,SLAKING,CUT
289,SLAKING,STRENGTH
289,SLAKING,ROCK_SMASH
316,GULPIN,WATER_PULSE
316,GULPIN,TOXIC
316,GULPIN,BULLET_SEED
316,GULPIN,HIDDEN_POWER
316,GULPIN,SUNNY_DAY
316,GULPIN,ICE_BEAM
316,GULPIN,PROTECT
316,GULPIN,RAIN_DANCE
316,GULPIN,GIGA_DRAIN
316,GULPIN,FRUSTRATION
316,GULPIN,SOLAR_BEAM
316,GULPIN,RETURN
316,GULPIN,SHADOW_BALL
316,GULPIN,DOUBLE_TEAM
316,GULPIN,SHOCK_WAVE
316,GULPIN,SLUDGE_BOMB
316,GULPIN,FACADE
316,GULPIN,SECRET_POWER
316,GULPIN,REST
316,GULPIN,ATTRACT
316,GULPIN,SNATCH
316,GULPIN,STRENGTH
316,GULPIN,ROCK_SMASH
317,SWALOT,WATER_PULSE
317,SWALOT,TOXIC
317,SWALOT,BULLET_SEED
317,SWALOT,HIDDEN_POWER
317,SWALOT,SUNNY_DAY
317,SWALOT,ICE_BEAM
317,SWALOT,HYPER_BEAM
317,SWALOT,PROTECT
317,SWALOT,RAIN_DANCE
317,SWALOT,GIGA_DRAIN
317,SWALOT,FRUSTRATION
317,SWALOT,SOLAR_BEAM
317,SWALOT,RETURN
317,SWALOT,SHADOW_BALL
317,SWALOT,DOUBLE_TEAM
317,SWALOT,SHOCK_WAVE
317,SWALOT,SLUDGE_BOMB
317,SWALOT,FACADE
317,SWALOT,SECRET_POWER
317,SWALOT,REST
317,SWALOT,ATTRACT
317,SWALOT,SNATCH
317,SWALOT,STRENGTH
317,SWALOT,ROCK_SMASH
357,TROPIUS,ROAR
357,TROPIUS,TOXIC
357,TROPIUS,BULLET_SEED
357,TROPIUS,HIDDEN_POWER
357,TROPIUS,SUNNY_DAY
357,TROPIUS,HYPER_BEAM
357,TROPIUS,PROTECT
357,TROPIUS,GIGA_DRAIN
357,TROPIUS,SAFEGUARD
357,TROPIUS,FRUSTRATION
357,TROPIUS,SOLAR_BEAM
357,TROPIUS,EARTHQUAKE
357,TROPIUS,RETURN
357,TROPIUS,DOUBLE_TEAM
357,TROPIUS,AERIAL_ACE
357,TROPIUS,FACADE
357,TROPIUS,SECRET_POWER
357,TROPIUS,REST
357,TROPIUS,ATTRACT
357,TROPIUS,STEEL_WING
357,TROPIUS,CUT
357,TROPIUS,FLY
357,TROPIUS,STRENGTH
357,TROPIUS,FLASH
357,TROPIUS,ROCK_SMASH
293,WHISMUR,WATER_PULSE
293,WHISMUR,ROAR
293,WHISMUR,TOXIC
293,WHISMUR,HIDDEN_POWER
293,WHISMUR,SUNNY_DAY
293,WHISMUR,ICE_BEAM
293,WHISMUR,BLIZZARD
293,WHISMUR,PROTECT
293,WHISMUR,RAIN_DANCE
293,WHISMUR,FRUSTRATION
293,WHISMUR,SOLAR_BEAM
293,WHISMUR,RETURN
293,WHISMUR,SHADOW_BALL
293,WHISMUR,DOUBLE_TEAM
293,WHISMUR,SHOCK_WAVE
293,WHISMUR,FLAMETHROWER
293,WHISMUR,FIRE_BLAST
293,WHISMUR,FACADE
293,WHISMUR,SECRET_POWER
293,WHISMUR,REST
293,WHISMUR,ATTRACT
294,LOUDRED,WATER_PULSE
294,LOUDRED,ROAR
294,LOUDRED,TOXIC
294,LOUDRED,HIDDEN_POWER
294,LOUDRED,SUNNY_DAY
294,LOUDRED,TAUNT
294,LOUDRED,ICE_BEAM
294,LOUDRED,BLIZZARD
294,LOUDRED,PROTECT
294,LOUDRED,RAIN_DANCE
294,LOUDRED,FRUSTRATION
294,LOUDRED,SOLAR_BEAM
294,LOUDRED,EARTHQUAKE
294,LOUDRED,RETURN
294,LOUDRED,SHADOW_BALL
294,LOUDRED,BRICK_BREAK
294,LOUDRED,DOUBLE_TEAM
294,LOUDRED,SHOCK_WAVE
294,LOUDRED,FLAMETHROWER
294,LOUDRED,FIRE_BLAST
294,LOUDRED,TORMENT
294,LOUDRED,FACADE
294,LOUDRED,SECRET_POWER
294,LOUDRED,REST
294,LOUDRED,ATTRACT
294,LOUDRED,OVERHEAT
294,LOUDRED,STRENGTH
294,LOUDRED,ROCK_SMASH
295,EXPLOUD,WATER_PULSE
295,EXPLOUD,ROAR
295,EXPLOUD,TOXIC
295,EXPLOUD,HIDDEN_POWER
295,EXPLOUD,SUNNY_DAY
295,EXPLOUD,TAUNT
295,EXPLOUD,ICE_BEAM
295,EXPLOUD,BLIZZARD
295,EXPLOUD,HYPER_BEAM
295,EXPLOUD,PROTECT
295,EXPLOUD,RAIN_DANCE
295,EXPLOUD,FRUSTRATION
295,EXPLOUD,SOLAR_BEAM
295,EXPLOUD,EARTHQUAKE
295,EXPLOUD,RETURN
295,EXPLOUD,SHADOW_BALL
295,EXPLOUD,BRICK_BREAK
295,EXPLOUD,DOUBLE_TEAM
295,EXPLOUD,SHOCK_WAVE
295,EXPLOUD,FLAMETHROWER
295,EXPLOUD,FIRE_BLAST
295,EXPLOUD,TORMENT
295,EXPLOUD,FACADE
295,EXPLOUD,SECRET_POWER
295,EXPLOUD,REST
295,EXPLOUD,ATTRACT
295,EXPLOUD,OVERHEAT
295,EXPLOUD,STRENGTH
295,EXPLOUD,ROCK_SMASH
366,CLAMPERL,WATER_PULSE
366,CLAMPERL,TOXIC
366,CLAMPERL,HAIL
366,CLAMPERL,HIDDEN_POWER
366,CLAMPERL,ICE_BEAM
366,CLAMPERL,BLIZZARD
366,CLAMPERL,PROTECT
366,CLAMPERL,RAIN_DANCE
366,CLAMPERL,FRUSTRATION
366,CLAMPERL,RETURN
366,CLAMPERL,DOUBLE_TEAM
366,CLAMPERL,FACADE
366,CLAMPERL,SECRET_POWER
366,CLAMPERL,REST
366,CLAMPERL,ATTRACT
366,CLAMPERL,SURF
366,CLAMPERL,WATERFALL
366,CLAMPERL,DIVE
367,HUNTAIL,WATER_PULSE
367,HUNTAIL,TOXIC
367,HUNTAIL,HAIL
367,HUNTAIL,HIDDEN_POWER
367,HUNTAIL,ICE_BEAM
367,HUNTAIL,BLIZZARD
367,HUNTAIL,HYPER_BEAM
367,HUNTAIL,PROTECT
367,HUNTAIL,RAIN_DANCE
367,HUNTAIL,FRUSTRATION
367,HUNTAIL,RETURN
367,HUNTAIL,DOUBLE_TEAM
367,HUNTAIL,ROCK_TOMB
367,HUNTAIL,FACADE
367,HUNTAIL,SECRET_POWER
367,HUNTAIL,REST
367,HUNTAIL,ATTRACT
367,HUNTAIL,SNATCH
367,HUNTAIL,SURF
367,HUNTAIL,WATERFALL
367,HUNTAIL,DIVE
368,GOREBYSS,WATER_PULSE
368,GOREBYSS,TOXIC
368,GOREBYSS,HAIL
368,GOREBYSS,HIDDEN_POWER
368,GOREBYSS,ICE_BEAM
368,GOREBYSS,BLIZZARD
368,GOREBYSS,HYPER_BEAM
368,GOREBYSS,PROTECT
368,GOREBYSS,RAIN_DANCE
368,GOREBYSS,SAFEGUARD
368,GOREBYSS,FRUSTRATION
368,GOREBYSS,RETURN
368,GOREBYSS,PSYCHIC
368,GOREBYSS,SHADOW_BALL
368,GOREBYSS,DOUBLE_TEAM
368,GOREBYSS,FACADE
368,GOREBYSS,SECRET_POWER
368,GOREBYSS,REST
368,GOREBYSS,ATTRACT
368,GOREBYSS,SURF
368,GOREBYSS,WATERFALL
368,GOREBYSS,DIVE
359,ABSOL,WATER_PULSE
359,ABSOL,CALM_MIND
359,ABSOL,TOXIC
359,ABSOL,HAIL
359,ABSOL,HIDDEN_POWER
359,ABSOL,SUNNY_DAY
359,ABSOL,TAUNT
359,ABSOL,ICE_BEAM
359,ABSOL,BLIZZARD
359,ABSOL,HYPER_BEAM
359,ABSOL,PROTECT
359,ABSOL,RAIN_DANCE
359,ABSOL,FRUSTRATION
359,ABSOL,IRON_TAIL
359,ABSOL,THUNDERBOLT
359,ABSOL,THUNDER
359,ABSOL,RETURN
359,ABSOL,SHADOW_BALL
359,ABSOL,DOUBLE_TEAM
359,ABSOL,SHOCK_WAVE
359,ABSOL,FLAMETHROWER
359,ABSOL,SANDSTORM
359,ABSOL,FIRE_BLAST
359,ABSOL,AERIAL_ACE
359,ABSOL,TORMENT
359,ABSOL,FACADE
359,ABSOL,SECRET_POWER
359,ABSOL,REST
359,ABSOL,ATTRACT
359,ABSOL,THIEF
359,ABSOL,SNATCH
359,ABSOL,CUT
359,ABSOL,STRENGTH
359,ABSOL,FLASH
359,ABSOL,ROCK_SMASH
353,SHUPPET,CALM_MIND
353,SHUPPET,TOXIC
353,SHUPPET,HIDDEN_POWER
353,SHUPPET,SUNNY_DAY
353,SHUPPET,TAUNT
353,SHUPPET,PROTECT
353,SHUPPET,RAIN_DANCE
353,SHUPPET,FRUSTRATION
353,SHUPPET,THUNDERBOLT
353,SHUPPET,THUNDER
353,SHUPPET,RETURN
353,SHUPPET,PSYCHIC
353,SHUPPET,SHADOW_BALL
353,SHUPPET,DOUBLE_TEAM
353,SHUPPET,SHOCK_WAVE
353,SHUPPET,TORMENT
353,SHUPPET,FACADE
353,SHUPPET,SECRET_POWER
353,SHUPPET,REST
353,SHUPPET,ATTRACT
353,SHUPPET,THIEF
353,SHUPPET,SKILL_SWAP
353,SHUPPET,SNATCH
353,SHUPPET,FLASH
354,BANETTE,CALM_MIND
354,BANETTE,TOXIC
354,BANETTE,HIDDEN_POWER
354,BANETTE,SUNNY_DAY
354,BANETTE,TAUNT
354,BANETTE,HYPER_BEAM
354,BANETTE,PROTECT
354,BANETTE,RAIN_DANCE
354,BANETTE,FRUSTRATION
354,BANETTE,THUNDERBOLT
354,BANETTE,THUNDER
354,BANETTE,RETURN
354,BANETTE,PSYCHIC
354,BANETTE,SHADOW_BALL
354,BANETTE,DOUBLE_TEAM
354,BANETTE,SHOCK_WAVE
354,BANETTE,TORMENT
354,BANETTE,FACADE
354,BANETTE,SECRET_POWER
354,BANETTE,REST
354,BANETTE,ATTRACT
354,BANETTE,THIEF
354,BANETTE,SKILL_SWAP
354,BANETTE,SNATCH
354,BANETTE,FLASH
336,SEVIPER,TOXIC
336,SEVIPER,HIDDEN_POWER
336,SEVIPER,SUNNY_DAY
336,SEVIPER,TAUNT
336,SEVIPER,PROTECT
336,SEVIPER,RAIN_DANCE
336,SEVIPER,GIGA_DRAIN
336,SEVIPER,FRUSTRATION
336,SEVIPER,IRON_TAIL
336,SEVIPER,EARTHQUAKE
336,SEVIPER,RETURN
336,SEVIPER,DIG
336,SEVIPER,DOUBLE_TEAM
336,SEVIPER,FLAMETHROWER
336,SEVIPER,SLUDGE_BOMB
336,SEVIPER,FACADE
336,SEVIPER,SECRET_POWER
336,SEVIPER,REST
336,SEVIPER,ATTRACT
336,SEVIPER,THIEF
336,SEVIPER,SNATCH
336,SEVIPER,STRENGTH
336,SEVIPER,ROCK_SMASH
335,ZANGOOSE,FOCUS_PUNCH
335,ZANGOOSE,WATER_PULSE
335,ZANGOOSE,ROAR
335,ZANGOOSE,TOXIC
335,ZANGOOSE,HIDDEN_POWER
335,ZANGOOSE,SUNNY_DAY
335,ZANGOOSE,TAUNT
335,ZANGOOSE,ICE_BEAM
335,ZANGOOSE,BLIZZARD
335,ZANGOOSE,PROTECT
335,ZANGOOSE,RAIN_DANCE
335,ZANGOOSE,GIGA_DRAIN
335,ZANGOOSE,FRUSTRATION
335,ZANGOOSE,SOLAR_BEAM
335,ZANGOOSE,IRON_TAIL
335,ZANGOOSE,THUNDERBOLT
335,ZANGOOSE,THUNDER
335,ZANGOOSE,RETURN
335,ZANGOOSE,DIG
335,ZANGOOSE,SHADOW_BALL
335,ZANGOOSE,BRICK_BREAK
335,ZANGOOSE,DOUBLE_TEAM
335,ZANGOOSE,SHOCK_WAVE
335,ZANGOOSE,FLAMETHROWER
335,ZANGOOSE,FIRE_BLAST
335,ZANGOOSE,AERIAL_ACE
335,ZANGOOSE,FACADE
335,ZANGOOSE,SECRET_POWER
335,ZANGOOSE,REST
335,ZANGOOSE,ATTRACT
335,ZANGOOSE,THIEF
335,ZANGOOSE,STRENGTH
335,ZANGOOSE,ROCK_SMASH
369,RELICANTH,WATER_PULSE
369,RELICANTH,CALM_MIND
369,RELICANTH,TOXIC
369,RELICANTH,HAIL
369,RELICANTH,HIDDEN_POWER
369,RELICANTH,ICE_BEAM
369,RELICANTH,BLIZZARD
369,RELICANTH,HYPER_BEAM
369,RELICANTH,PROTECT
369,RELICANTH,RAIN_DANCE
369,RELICANTH,SAFEGUARD
369,RELICANTH,FRUSTRATION
369,RELICANTH,EARTHQUAKE
369,RELICANTH,RETURN
369,RELICANTH,DOUBLE_TEAM
369,RELICANTH,SANDSTORM
369,RELICANTH,ROCK_TOMB
369,RELICANTH,FACADE
369,RELICANTH,SECRET_POWER
369,RELICANTH,REST
369,RELICANTH,ATTRACT
369,RELICANTH,SURF
369,RELICANTH,ROCK_SMASH
369,RELICANTH,WATERFALL
369,RELICANTH,DIVE
304,ARON,WATER_PULSE
304,ARON,ROAR
304,ARON,TOXIC
304,ARON,HIDDEN_POWER
304,ARON,SUNNY_DAY
304,ARON,PROTECT
304,ARON,RAIN_DANCE
304,ARON,FRUSTRATION
304,ARON,IRON_TAIL
304,ARON,EARTHQUAKE
304,ARON,RETURN
304,ARON,DIG
304,ARON,DOUBLE_TEAM
304,ARON,SHOCK_WAVE
304,ARON,SANDSTORM
304,ARON,ROCK_TOMB
304,ARON,AERIAL_ACE
304,ARON,FACADE
304,ARON,SECRET_POWER
304,ARON,REST
304,ARON,ATTRACT
304,ARON,CUT
304,ARON,STRENGTH
304,ARON,ROCK_SMASH
305,LAIRON,WATER_PULSE
305,LAIRON,ROAR
305,LAIRON,TOXIC
305,LAIRON,HIDDEN_POWER
305,LAIRON,SUNNY_DAY
305,LAIRON,PROTECT
305,LAIRON,RAIN_DANCE
305,LAIRON,FRUSTRATION
305,LAIRON,IRON_TAIL
305,LAIRON,EARTHQUAKE
305,LAIRON,RETURN
305,LAIRON,DIG
305,LAIRON,DOUBLE_TEAM
305,LAIRON,SHOCK_WAVE
305,LAIRON,SANDSTORM
305,LAIRON,ROCK_TOMB
305,LAIRON,AERIAL_ACE
305,LAIRON,FACADE
305,LAIRON,SECRET_POWER
305,LAIRON,REST
305,LAIRON,ATTRACT
305,LAIRON,CUT
305,LAIRON,STRENGTH
305,LAIRON,ROCK_SMASH
306,AGGRON,FOCUS_PUNCH
306,AGGRON,DRAGON_CLAW
306,AGGRON,WATER_PULSE
306,AGGRON,ROAR
306,AGGRON,TOXIC
306,AGGRON,HIDDEN_POWER
306,AGGRON,SUNNY_DAY
306,AGGRON,TAUNT
306,AGGRON,ICE_BEAM
306,AGGRON,BLIZZARD
306,AGGRON,HYPER_BEAM
306,AGGRON,PROTECT
306,AGGRON,RAIN_DANCE
306,AGGRON,FRUSTRATION
306,AGGRON,SOLAR_BEAM
306,AGGRON,IRON_TAIL
306,AGGRON,THUNDERBOLT
306,AGGRON,THUNDER
306,AGGRON,EARTHQUAKE
306,AGGRON,RETURN
306,AGGRON,DIG
306,AGGRON,BRICK_BREAK
306,AGGRON,DOUBLE_TEAM
306,AGGRON,SHOCK_WAVE
306,AGGRON,FLAMETHROWER
306,AGGRON,SANDSTORM
306,AGGRON,FIRE_BLAST
306,AGGRON,ROCK_TOMB
306,AGGRON,AERIAL_ACE
306,AGGRON,FACADE
306,AGGRON,SECRET_POWER
306,AGGRON,REST
306,AGGRON,ATTRACT
306,AGGRON,CUT
306,AGGRON,SURF
306,AGGRON,STRENGTH
306,AGGRON,ROCK_SMASH
351,CASTFORM,WATER_PULSE
351,CASTFORM,TOXIC
351,CASTFORM,HAIL
351,CASTFORM,HIDDEN_POWER
351,CASTFORM,SUNNY_DAY
351,CASTFORM,ICE_BEAM
351,CASTFORM,BLIZZARD
351,CASTFORM,PROTECT
351,CASTFORM,RAIN_DANCE
351,CASTFORM,FRUSTRATION
351,CASTFORM,SOLAR_BEAM
351,CASTFORM,THUNDERBOLT
351,CASTFORM,THUNDER
351,CASTFORM,RETURN
351,CASTFORM,SHADOW_BALL
351,CASTFORM,DOUBLE_TEAM
351,CASTFORM,SHOCK_WAVE
351,CASTFORM,FLAMETHROWER
351,CASTFORM,SANDSTORM
351,CASTFORM,FIRE_BLAST
351,CASTFORM,FACADE
351,CASTFORM,SECRET_POWER
351,CASTFORM,REST
351,CASTFORM,ATTRACT
351,CASTFORM,THIEF
351,CASTFORM,FLASH
313,VOLBEAT,FOCUS_PUNCH
313,VOLBEAT,WATER_PULSE
313,VOLBEAT,TOXIC
313,VOLBEAT,HIDDEN_POWER
313,VOLBEAT,SUNNY_DAY
313,VOLBEAT,LIGHT_SCREEN
313,VOLBEAT,PROTECT
313,VOLBEAT,RAIN_DANCE
313,VOLBEAT,GIGA_DRAIN
313,VOLBEAT,FRUSTRATION
313,VOLBEAT,SOLAR_BEAM
313,VOLBEAT,THUNDERBOLT
313,VOLBEAT,THUNDER
313,VOLBEAT,RETURN
313,VOLBEAT,SHADOW_BALL
313,VOLBEAT,BRICK_BREAK
313,VOLBEAT,DOUBLE_TEAM
313,VOLBEAT,SHOCK_WAVE
313,VOLBEAT,AERIAL_ACE
313,VOLBEAT,FACADE
313,VOLBEAT,SECRET_POWER
313,VOLBEAT,REST
313,VOLBEAT,ATTRACT
313,VOLBEAT,THIEF
313,VOLBEAT,FLASH
314,ILLUMISE,FOCUS_PUNCH
314,ILLUMISE,WATER_PULSE
314,ILLUMISE,TOXIC
314,ILLUMISE,HIDDEN_POWER
314,ILLUMISE,SUNNY_DAY
314,ILLUMISE,LIGHT_SCREEN
314,ILLUMISE,PROTECT
314,ILLUMISE,RAIN_DANCE
314,ILLUMISE,GIGA_DRAIN
314,ILLUMISE,FRUSTRATION
314,ILLUMISE,SOLAR_BEAM
314,ILLUMISE,THUNDERBOLT
314,ILLUMISE,THUNDER
314,ILLUMISE,RETURN
314,ILLUMISE,SHADOW_BALL
314,ILLUMISE,BRICK_BREAK
314,ILLUMISE,DOUBLE_TEAM
314,ILLUMISE,SHOCK_WAVE
314,ILLUMISE,AERIAL_ACE
314,ILLUMISE,FACADE
314,ILLUMISE,SECRET_POWER
314,ILLUMISE,REST
314,ILLUMISE,ATTRACT
314,ILLUMISE,THIEF
314,ILLUMISE,FLASH
345,LILEEP,TOXIC
345,LILEEP,BULLET_SEED
345,LILEEP,HIDDEN_POWER
345,LILEEP,SUNNY_DAY
345,LILEEP,PROTECT
345,LILEEP,GIGA_DRAIN
345,LILEEP,FRUSTRATION
345,LILEEP,SOLAR_BEAM
345,LILEEP,RETURN
345,LILEEP,DOUBLE_TEAM
345,LILEEP,SLUDGE_BOMB
345,LILEEP,SANDSTORM
345,LILEEP,FACADE
345,LILEEP,SECRET_POWER
345,LILEEP,REST
345,LILEEP,ATTRACT
346,CRADILY,TOXIC
346,CRADILY,BULLET_SEED
346,CRADILY,HIDDEN_POWER
346,CRADILY,SUNNY_DAY
346,CRADILY,HYPER_BEAM
346,CRADILY,PROTECT
346,CRADILY,GIGA_DRAIN
346,CRADILY,FRUSTRATION
346,CRADILY,SOLAR_BEAM
346,CRADILY,EARTHQUAKE
346,CRADILY,RETURN
346,CRADILY,DOUBLE_TEAM
346,CRADILY,SLUDGE_BOMB
346,CRADILY,SANDSTORM
346,CRADILY,ROCK_TOMB
346,CRADILY,FACADE
346,CRADILY,SECRET_POWER
346,CRADILY,REST
346,CRADILY,ATTRACT
346,CRADILY,STRENGTH
346,CRADILY,ROCK_SMASH
347,ANORITH,WATER_PULSE
347,ANORITH,TOXIC
347,ANORITH,HIDDEN_POWER
347,ANORITH,SUNNY_DAY
347,ANORITH,PROTECT
347,ANORITH,FRUSTRATION
347,ANORITH,RETURN
347,ANORITH,DIG
347,ANORITH,BRICK_BREAK
347,ANORITH,DOUBLE_TEAM
347,ANORITH,SANDSTORM
347,ANORITH,ROCK_TOMB
347,ANORITH,AERIAL_ACE
347,ANORITH,FACADE
347,ANORITH,SECRET_POWER
347,ANORITH,REST
347,ANORITH,ATTRACT
347,ANORITH,CUT
347,ANORITH,ROCK_SMASH
348,ARMALDO,WATER_PULSE
348,ARMALDO,TOXIC
348,ARMALDO,HIDDEN_POWER
348,ARMALDO,SUNNY_DAY
348,ARMALDO,HYPER_BEAM
348,ARMALDO,PROTECT
348,ARMALDO,FRUSTRATION
348,ARMALDO,IRON_TAIL
348,ARMALDO,EARTHQUAKE
348,ARMALDO,RETURN
348,ARMALDO,DIG
348,ARMALDO,BRICK_BREAK
348,ARMALDO,DOUBLE_TEAM
348,ARMALDO,SANDSTORM
348,ARMALDO,ROCK_TOMB
348,ARMALDO,AERIAL_ACE
348,ARMALDO,FACADE
348,ARMALDO,SECRET_POWER
348,ARMALDO,REST
348,ARMALDO,ATTRACT
348,ARMALDO,CUT
348,ARMALDO,STRENGTH
348,ARMALDO,ROCK_SMASH
280,RALTS,CALM_MIND
280,RALTS,TOXIC
280,RALTS,HIDDEN_POWER
280,RALTS,SUNNY_DAY
280,RALTS,TAUNT
280,RALTS,LIGHT_SCREEN
280,RALTS,PROTECT
280,RALTS,RAIN_DANCE
280,RALTS,SAFEGUARD
280,RALTS,FRUSTRATION
280,RALTS,THUNDERBOLT
280,RALTS,RETURN
280,RALTS,PSYCHIC
280,RALTS,SHADOW_BALL
280,RALTS,DOUBLE_TEAM
280,RALTS,REFLECT
280,RALTS,SHOCK_WAVE
280,RALTS,TORMENT
280,RALTS,FACADE
280,RALTS,SECRET_POWER
280,RALTS,REST
280,RALTS,ATTRACT
280,RALTS,THIEF
280,RALTS,SKILL_SWAP
280,RALTS,SNATCH
280,RALTS,FLASH
281,KIRLIA,CALM_MIND
281,KIRLIA,TOXIC
281,KIRLIA,HIDDEN_POWER
281,KIRLIA,SUNNY_DAY
281,KIRLIA,TAUNT
281,KIRLIA,LIGHT_SCREEN
281,KIRLIA,PROTECT
281,KIRLIA,RAIN_DANCE
281,KIRLIA,SAFEGUARD
281,KIRLIA,FRUSTRATION
281,KIRLIA,THUNDERBOLT
281,KIRLIA,RETURN
281,KIRLIA,PSYCHIC
281,KIRLIA,SHADOW_BALL
281,KIRLIA,DOUBLE_TEAM
281,KIRLIA,REFLECT
281,KIRLIA,SHOCK_WAVE
281,KIRLIA,TORMENT
281,KIRLIA,FACADE
281,KIRLIA,SECRET_POWER
281,KIRLIA,REST
281,KIRLIA,ATTRACT
281,KIRLIA,THIEF
281,KIRLIA,SKILL_SWAP
281,KIRLIA,SNATCH
281,KIRLIA,FLASH
282,GARDEVOIR,CALM_MIND
282,GARDEVOIR,TOXIC
282,GARDEVOIR,HIDDEN_POWER
282,GARDEVOIR,SUNNY_DAY
282,GARDEVOIR,TAUNT
282,GARDEVOIR,HYPER_BEAM
282,GARDEVOIR,LIGHT_SCREEN
282,GARDEVOIR,PROTECT
282,GARDEVOIR,RAIN_DANCE
282,GARDEVOIR,SAFEGUARD
282,GARDEVOIR,FRUSTRATION
282,GARDEVOIR,THUNDERBOLT
282,GARDEVOIR,RETURN
282,GARDEVOIR,PSYCHIC
282,GARDEVOIR,SHADOW_BALL
282,GARDEVOIR,DOUBLE_TEAM
282,GARDEVOIR,REFLECT
282,GARDEVOIR,SHOCK_WAVE
282,GARDEVOIR,TORMENT
282,GARDEVOIR,FACADE
282,GARDEVOIR,SECRET_POWER
282,GARDEVOIR,REST
282,GARDEVOIR,ATTRACT
282,GARDEVOIR,THIEF
282,GARDEVOIR,SKILL_SWAP
282,GARDEVOIR,SNATCH
282,GARDEVOIR,FLASH
371,BAGON,DRAGON_CLAW
371,BAGON,ROAR
371,BAGON,TOXIC
371,BAGON,HIDDEN_POWER
371,BAGON,SUNNY_DAY
371,BAGON,PROTECT
371,BAGON,RAIN_DANCE
371,BAGON,FRUSTRATION
371,BAGON,RETURN
371,BAGON,BRICK_BREAK
371,BAGON,DOUBLE_TEAM
371,BAGON,FLAMETHROWER
371,BAGON,FIRE_BLAST
371,BAGON,ROCK_TOMB
371,BAGON,AERIAL_ACE
371,BAGON,FACADE
371,BAGON,SECRET_POWER
371,BAGON,REST
371,BAGON,ATTRACT
371,BAGON,CUT
371,BAGON,STRENGTH
371,BAGON,ROCK_SMASH
372,SHELGON,DRAGON_CLAW
372,SHELGON,ROAR
372,SHELGON,TOXIC
372,SHELGON,HIDDEN_POWER
372,SHELGON,SUNNY_DAY
372,SHELGON,PROTECT
372,SHELGON,RAIN_DANCE
372,SHELGON,FRUSTRATION
372,SHELGON,RETURN
372,SHELGON,BRICK_BREAK
372,SHELGON,DOUBLE_TEAM
372,SHELGON,FLAMETHROWER
372,SHELGON,FIRE_BLAST
372,SHELGON,ROCK_TOMB
372,SHELGON,AERIAL_ACE
372,SHELGON,FACADE
372,SHELGON,SECRET_POWER
372,SHELGON,REST
372,SHELGON,ATTRACT
372,SHELGON,CUT
372,SHELGON,STRENGTH
372,SHELGON,ROCK_SMASH
373,SALAMENCE,DRAGON_CLAW
373,SALAMENCE,ROAR
373,SALAMENCE,TOXIC
373,SALAMENCE,HIDDEN_POWER
373,SALAMENCE,SUNNY_DAY
373,SALAMENCE,HYPER_BEAM
373,SALAMENCE,PROTECT
373,SALAMENCE,RAIN_DANCE
373,SALAMENCE,FRUSTRATION
373,SALAMENCE,IRON_TAIL
373,SALAMENCE,EARTHQUAKE
373,SALAMENCE,RETURN
373,SALAMENCE,BRICK_BREAK
373,SALAMENCE,DOUBLE_TEAM
373,SALAMENCE,FLAMETHROWER
373,SALAMENCE,FIRE_BLAST
373,SALAMENCE,ROCK_TOMB
373,SALAMENCE,AERIAL_ACE
373,SALAMENCE,FACADE
373,SALAMENCE,SECRET_POWER
373,SALAMENCE,REST
373,SALAMENCE,ATTRACT
373,SALAMENCE,STEEL_WING
373,SALAMENCE,CUT
373,SALAMENCE,FLY
373,SALAMENCE,STRENGTH
373,SALAMENCE,ROCK_SMASH
375,METANG,TOXIC
375,METANG,HIDDEN_POWER
375,METANG,SUNNY_DAY
375,METANG,HYPER_BEAM
375,METANG,LIGHT_SCREEN
375,METANG,PROTECT
375,METANG,RAIN_DANCE
375,METANG,FRUSTRATION
375,METANG,EARTHQUAKE
375,METANG,RETURN
375,METANG,PSYCHIC
375,METANG,SHADOW_BALL
375,METANG,BRICK_BREAK
375,METANG,DOUBLE_TEAM
375,METANG,REFLECT
375,METANG,SLUDGE_BOMB
375,METANG,SANDSTORM
375,METANG,ROCK_TOMB
375,METANG,AERIAL_ACE
375,METANG,FACADE
375,METANG,SECRET_POWER
375,METANG,REST
375,METANG,CUT
375,METANG,STRENGTH
375,METANG,FLASH
375,METANG,ROCK_SMASH
376,METAGROSS,TOXIC
376,METAGROSS,HIDDEN_POWER
376,METAGROSS,SUNNY_DAY
376,METAGROSS,HYPER_BEAM
376,METAGROSS,LIGHT_SCREEN
376,METAGROSS,PROTECT
376,METAGROSS,RAIN_DANCE
376,METAGROSS,FRUSTRATION
376,METAGROSS,EARTHQUAKE
376,METAGROSS,RETURN
376,METAGROSS,PSYCHIC
376,METAGROSS,SHADOW_BALL
376,METAGROSS,BRICK_BREAK
376,METAGROSS,DOUBLE_TEAM
376,METAGROSS,REFLECT
376,METAGROSS,SLUDGE_BOMB
376,METAGROSS,SANDSTORM
376,METAGROSS,ROCK_TOMB
376,METAGROSS,AERIAL_ACE
376,METAGROSS,FACADE
376,METAGROSS,SECRET_POWER
376,METAGROSS,REST
376,METAGROSS,CUT
376,METAGROSS,STRENGTH
376,METAGROSS,FLASH
376,METAGROSS,ROCK_SMASH
377,REGIROCK,FOCUS_PUNCH
377,REGIROCK,TOXIC
377,REGIROCK,HIDDEN_POWER
377,REGIROCK,SUNNY_DAY
377,REGIROCK,HYPER_BEAM
377,REGIROCK,PROTECT
377,REGIROCK,SAFEGUARD
377,REGIROCK,FRUSTRATION
377,REGIROCK,THUNDERBOLT
377,REGIROCK,THUNDER
377,REGIROCK,EARTHQUAKE
377,REGIROCK,RETURN
377,REGIROCK,DIG
377,REGIROCK,BRICK_BREAK
377,REGIROCK,DOUBLE_TEAM
377,REGIROCK,SHOCK_WAVE
377,REGIROCK,SANDSTORM
377,REGIROCK,ROCK_TOMB
377,REGIROCK,FACADE
377,REGIROCK,SECRET_POWER
377,REGIROCK,REST
377,REGIROCK,STRENGTH
377,REGIROCK,ROCK_SMASH
378,REGICE,FOCUS_PUNCH
378,REGICE,TOXIC
378,REGICE,HAIL
378,REGICE,HIDDEN_POWER
378,REGICE,ICE_BEAM
378,REGICE,BLIZZARD
378,REGICE,HYPER_BEAM
378,REGICE,PROTECT
378,REGICE,RAIN_DANCE
378,REGICE,SAFEGUARD
378,REGICE,FRUSTRATION
378,REGICE,THUNDERBOLT
378,REGICE,THUNDER
378,REGICE,EARTHQUAKE
378,REGICE,RETURN
378,REGICE,BRICK_BREAK
378,REGICE,DOUBLE_TEAM
378,REGICE,SHOCK_WAVE
378,REGICE,FACADE
378,REGICE,SECRET_POWER
378,REGICE,REST
378,REGICE,STRENGTH
378,REGICE,ROCK_SMASH
379,REGISTEEL,FOCUS_PUNCH
379,REGISTEEL,TOXIC
379,REGISTEEL,HIDDEN_POWER
379,REGISTEEL,SUNNY_DAY
379,REGISTEEL,HYPER_BEAM
379,REGISTEEL,PROTECT
379,REGISTEEL,RAIN_DANCE
379,REGISTEEL,SAFEGUARD
379,REGISTEEL,FRUSTRATION
379,REGISTEEL,THUNDERBOLT
379,REGISTEEL,THUNDER
379,REGISTEEL,EARTHQUAKE
379,REGISTEEL,RETURN
379,REGISTEEL,BRICK_BREAK
379,REGISTEEL,DOUBLE_TEAM
379,REGISTEEL,SHOCK_WAVE
379,REGISTEEL,SANDSTORM
379,REGISTEEL,ROCK_TOMB
379,REGISTEEL,AERIAL_ACE
379,REGISTEEL,FACADE
379,REGISTEEL,SECRET_POWER
379,REGISTEEL,REST
379,REGISTEEL,STRENGTH
379,REGISTEEL,ROCK_SMASH
382,KYOGRE,WATER_PULSE
382,KYOGRE,CALM_MIND
382,KYOGRE,ROAR
382,KYOGRE,TOXIC
382,KYOGRE,HAIL
382,KYOGRE,HIDDEN_POWER
382,KYOGRE,ICE_BEAM
382,KYOGRE,BLIZZARD
382,KYOGRE,HYPER_BEAM
382,KYOGRE,PROTECT
382,KYOGRE,RAIN_DANCE
382,KYOGRE,SAFEGUARD
382,KYOGRE,FRUSTRATION
382,KYOGRE,THUNDERBOLT
382,KYOGRE,THUNDER
382,KYOGRE,EARTHQUAKE
382,KYOGRE,RETURN
382,KYOGRE,BRICK_BREAK
382,KYOGRE,DOUBLE_TEAM
382,KYOGRE,SHOCK_WAVE
382,KYOGRE,ROCK_TOMB
382,KYOGRE,FACADE
382,KYOGRE,SECRET_POWER
382,KYOGRE,REST
382,KYOGRE,SURF
382,KYOGRE,STRENGTH
382,KYOGRE,ROCK_SMASH
382,KYOGRE,WATERFALL
382,KYOGRE,DIVE
383,GROUDON,DRAGON_CLAW
383,GROUDON,ROAR
383,GROUDON,TOXIC
383,GROUDON,BULK_UP
383,GROUDON,HIDDEN_POWER
383,GROUDON,SUNNY_DAY
383,GROUDON,HYPER_BEAM
383,GROUDON,PROTECT
383,GROUDON,SAFEGUARD
383,GROUDON,FRUSTRATION
383,GROUDON,SOLAR_BEAM
383,GROUDON,IRON_TAIL
383,GROUDON,THUNDERBOLT
383,GROUDON,THUNDER
383,GROUDON,EARTHQUAKE
383,GROUDON,RETURN
383,GROUDON,DIG
383,GROUDON,BRICK_BREAK
383,GROUDON,DOUBLE_TEAM
383,GROUDON,SHOCK_WAVE
383,GROUDON,FLAMETHROWER
383,GROUDON,SANDSTORM
383,GROUDON,FIRE_BLAST
383,GROUDON,ROCK_TOMB
383,GROUDON,AERIAL_ACE
383,GROUDON,FACADE
383,GROUDON,SECRET_POWER
383,GROUDON,REST
383,GROUDON,OVERHEAT
383,GROUDON,CUT
383,GROUDON,STRENGTH
383,GROUDON,ROCK_SMASH
384,RAYQUAZA,DRAGON_CLAW
384,RAYQUAZA,WATER_PULSE
384,RAYQUAZA,ROAR
384,RAYQUAZA,TOXIC
384,RAYQUAZA,BULK_UP
384,RAYQUAZA,HIDDEN_POWER
384,RAYQUAZA,SUNNY_DAY
384,RAYQUAZA,ICE_BEAM
384,RAYQUAZA,BLIZZARD
384,RAYQUAZA,HYPER_BEAM
384,RAYQUAZA,PROTECT
384,RAYQUAZA,RAIN_DANCE
384,RAYQUAZA,FRUSTRATION
384,RAYQUAZA,SOLAR_BEAM
384,RAYQUAZA,IRON_TAIL
384,RAYQUAZA,THUNDERBOLT
384,RAYQUAZA,THUNDER
384,RAYQUAZA,EARTHQUAKE
384,RAYQUAZA,RETURN
384,RAYQUAZA,BRICK_BREAK
384,RAYQUAZA,DOUBLE_TEAM
384,RAYQUAZA,SHOCK_WAVE
384,RAYQUAZA,FLAMETHROWER
384,RAYQUAZA,SANDSTORM
384,RAYQUAZA,FIRE_BLAST
384,RAYQUAZA,AERIAL_ACE
384,RAYQUAZA,FACADE
384,RAYQUAZA,SECRET_POWER
384,RAYQUAZA,REST
384,RAYQUAZA,OVERHEAT
384,RAYQUAZA,FLY
384,RAYQUAZA,SURF
384,RAYQUAZA,STRENGTH
384,RAYQUAZA,ROCK_SMASH
384,RAYQUAZA,WATERFALL
384,RAYQUAZA,DIVE
380,LATIAS,DRAGON_CLAW
380,LATIAS,WATER_PULSE
380,LATIAS,CALM_MIND
380,LATIAS,ROAR
380,LATIAS,TOXIC
380,LATIAS,HIDDEN_POWER
380,LATIAS,SUNNY_DAY
380,LATIAS,ICE_BEAM
380,LATIAS,HYPER_BEAM
380,LATIAS,LIGHT_SCREEN
380,LATIAS,PROTECT
380,LATIAS,RAIN_DANCE
380,LATIAS,SAFEGUARD
380,LATIAS,FRUSTRATION
380,LATIAS,SOLAR_BEAM
380,LATIAS,THUNDERBOLT
380,LATIAS,THUNDER
380,LATIAS,EARTHQUAKE
380,LATIAS,RETURN
380,LATIAS,PSYCHIC
380,LATIAS,SHADOW_BALL
380,LATIAS,DOUBLE_TEAM
380,LATIAS,REFLECT
380,LATIAS,SHOCK_WAVE
380,LATIAS,SANDSTORM
380,LATIAS,AERIAL_ACE
380,LATIAS,FACADE
380,LATIAS,SECRET_POWER
380,LATIAS,REST
380,LATIAS,ATTRACT
380,LATIAS,STEEL_WING
380,LATIAS,CUT
380,LATIAS,FLY
380,LATIAS,SURF
380,LATIAS,FLASH
380,LATIAS,WATERFALL
380,LATIAS,DIVE
381,LATIOS,DRAGON_CLAW
381,LATIOS,WATER_PULSE
381,LATIOS,CALM_MIND
381,LATIOS,ROAR
381,LATIOS,TOXIC
381,LATIOS,HIDDEN_POWER
381,LATIOS,SUNNY_DAY
381,LATIOS,ICE_BEAM
381,LATIOS,HYPER_BEAM
381,LATIOS,LIGHT_SCREEN
381,LATIOS,PROTECT
381,LATIOS,RAIN_DANCE
381,LATIOS,SAFEGUARD
381,LATIOS,FRUSTRATION
381,LATIOS,SOLAR_BEAM
381,LATIOS,THUNDERBOLT
381,LATIOS,THUNDER
381,LATIOS,EARTHQUAKE
381,LATIOS,RETURN
381,LATIOS,PSYCHIC
381,LATIOS,SHADOW_BALL
381,LATIOS,DOUBLE_TEAM
381,LATIOS,REFLECT
381,LATIOS,SHOCK_WAVE
381,LATIOS,SANDSTORM
381,LATIOS,AERIAL_ACE
381,LATIOS,FACADE
381,LATIOS,SECRET_POWER
381,LATIOS,REST
381,LATIOS,ATTRACT
381,LATIOS,STEEL_WING
381,LATIOS,CUT
381,LATIOS,FLY
381,LATIOS,SURF
381,LATIOS,FLASH
381,LATIOS,WATERFALL
381,LATIOS,DIVE
385,JIRACHI,WATER_PULSE
385,JIRACHI,CALM_MIND
385,JIRACHI,TOXIC
385,JIRACHI,HIDDEN_POWER
385,JIRACHI,SUNNY_DAY
385,JIRACHI,HYPER_BEAM
385,JIRACHI,LIGHT_SCREEN
385,JIRACHI,PROTECT
385,JIRACHI,RAIN_DANCE
385,JIRACHI,SAFEGUARD
385,JIRACHI,FRUSTRATION
385,JIRACHI,THUNDERBOLT
385,JIRACHI,THUNDER
385,JIRACHI,RETURN
385,JIRACHI,PSYCHIC
385,JIRACHI,SHADOW_BALL
385,JIRACHI,DOUBLE_TEAM
385,JIRACHI,REFLECT
385,JIRACHI,SHOCK_WAVE
385,JIRACHI,SANDSTORM
385,JIRACHI,AERIAL_ACE
385,JIRACHI,FACADE
385,JIRACHI,SECRET_POWER
385,JIRACHI,REST
385,JIRACHI,SKILL_SWAP
385,JIRACHI,FLASH
386,DEOXYS,FOCUS_PUNCH
386,DEOXYS,WATER_PULSE
386,DEOXYS,CALM_MIND
386,DEOXYS,TOXIC
386,DEOXYS,HIDDEN_POWER
386,DEOXYS,SUNNY_DAY
386,DEOXYS,TAUNT
386,DEOXYS,ICE_BEAM
386,DEOXYS,HYPER_BEAM
386,DEOXYS,LIGHT_SCREEN
386,DEOXYS,PROTECT
386,DEOXYS,RAIN_DANCE
386,DEOXYS,SAFEGUARD
386,DEOXYS,FRUSTRATION
386,DEOXYS,SOLAR_BEAM
386,DEOXYS,THUNDERBOLT
386,DEOXYS,THUNDER
386,DEOXYS,RETURN
386,DEOXYS,PSYCHIC
386,DEOXYS,SHADOW_BALL
386,DEOXYS,BRICK_BREAK
386,DEOXYS,DOUBLE_TEAM
386,DEOXYS,REFLECT
386,DEOXYS,SHOCK_WAVE
386,DEOXYS,ROCK_TOMB
386,DEOXYS,AERIAL_ACE
386,DEOXYS,TORMENT
386,DEOXYS,FACADE
386,DEOXYS,SECRET_POWER
386,DEOXYS,REST
386,DEOXYS,SKILL_SWAP
386,DEOXYS,SNATCH
386,DEOXYS,CUT
386,DEOXYS,STRENGTH
386,DEOXYS,FLASH
386,DEOXYS,ROCK_SMASH
358,CHIMECHO,CALM_MIND
358,CHIMECHO,TOXIC
358,CHIMECHO,HIDDEN_POWER
358,CHIMECHO,SUNNY_DAY
358,CHIMECHO,TAUNT
358,CHIMECHO,LIGHT_SCREEN
358,CHIMECHO,PROTECT
358,CHIMECHO,RAIN_DANCE
358,CHIMECHO,SAFEGUARD
358,CHIMECHO,FRUSTRATION
358,CHIMECHO,RETURN
358,CHIMECHO,PSYCHIC
358,CHIMECHO,SHADOW_BALL
358,CHIMECHO,DOUBLE_TEAM
358,CHIMECHO,REFLECT
358,CHIMECHO,SHOCK_WAVE
358,CHIMECHO,TORMENT
358,CHIMECHO,FACADE
358,CHIMECHO,SECRET_POWER
358,CHIMECHO,REST
358,CHIMECHO,ATTRACT
358,CHIMECHO,SKILL_SWAP
358,CHIMECHO,SNATCH
358,CHIMECHO,FLASH
