offset,bank,bank_offset,rev0,revA,delta,context_rev0,context_revA
003C6B,00,3C6B,52,57,5,fac0c5cd5251f1d7c9,fac0c5cd5751f1d7c9
011ACB,04,1ACB,BF,C4,5,ea43d121bf653e231e,ea43d121c4653e231e
012D90,04,2D90,42,47,5,cf3e23214267cf3e01,cf3e23214767cf3e01
012E0B,04,2E0B,5D,62,5,cf3e23215d67cf3e14,cf3e23216267cf3e14
0135A6,04,35A6,94,99,5,cf3e23219465cffaff,cf3e23219965cffaff
0135BC,04,35BC,BF,C4,5,023e2321bf65cf21b4,023e2321c465cf21b4
0142CF,05,02CF,AB,B0,5,e53e2321ab65cfe137,e53e2321b065cfe137
024C9F,09,0C9F,1B,20,5,4d3e23211b67cf21bc,4d3e23212067cf21bc
029720,0A,1720,BF,C4,5,031e0321bf653e23cf,031e0321c4653e23cf
03E10A,0F,210A,1B,20,5,cf3829211b673e23cf,cf38292120673e23cf
03F03A,0F,303A,1D,22,5,3d3e23211d65cfcd77,3d3e23212265cfcd77
050059,14,0059,94,99,5,3e02cf2194653e23cf,3e02cf2199653e23cf
050356,14,0356,BF,C4,5,b2c5e521bf653e231e,b2c5e521c4653e231e
086629,21,2629,3F,44,5,e03e23213f7ccf0e08,e03e2321447ccf0e08
08665D,21,265D,DE,E3,5,e03e2321de7bcf0e64,e03e2321e37bcf0e64
092023,24,2023,AF,B4,5,083e2321af66cf1100,083e2321b466cf1100
